PedidoID,DataPedido,Cliente,Estado
p-1000,2022-12-23,,ES
p-1001,2022-12-24,,ES
p-1002,2022-12-25,,ES
p-1003,2022-12-25,,RJ
p-1004,2022-12-26,,MG
p-1005,2022-12-26,,RJ
p-1006,2022-12-27,,RJ
p-1007,2022-12-27,,MG
p-1008,2022-12-27,,RJ
p-1009,2022-12-28,,SP
p-1010,2022-12-28,,ES
p-1011,2022-12-28,,RJ
p-1012,2022-12-28,,MG
p-1013,2022-12-29,,SP
p-1014,2022-12-29,,ES
p-1015,2022-12-30,,SP
p-1016,2022-12-30,,SP
p-1017,2022-12-30,,MG
p-1018,2022-12-30,,MG
p-1019,2022-12-30,,ES
p-1020,2022-12-30,,ES
p-1021,2022-12-31,,SP
p-1022,2022-12-31,,MG
p-1023,2022-12-31,,SP
p-1024,2022-12-31,,MG
p-1025,2022-12-31,,MG
p-1026,2022-12-31,,SP
p-1027,2023-01-01,,SP
p-1028,2023-01-01,,SP
p-1029,2023-01-01,,SP
p-1030,2023-01-01,,MG
p-1031,2023-01-02,,RJ
p-1032,2023-01-03,,MG
p-1033,2023-01-04,,MG
p-1034,2023-01-04,,ES
p-1035,2023-01-05,,SP
p-1036,2023-01-05,,RJ
p-1037,2023-01-05,,RJ
p-1038,2023-01-05,,MG
p-1039,2023-01-05,,ES
p-1040,2023-01-07,,MG
p-1041,2023-01-07,,SP
p-1042,2023-01-07,,SP
p-1043,2023-01-08,,SP
p-1044,2023-01-08,,MG
p-1045,2023-01-08,,SP
p-1046,2023-01-08,,MG
p-1047,2023-01-08,,MG
p-1048,2023-01-08,,SP
p-1049,2023-01-08,,SP
p-1050,2023-01-08,,SP
p-1051,2023-01-08,,ES
p-1052,2023-01-08,,MG
p-1053,2023-01-09,,SP
p-1054,2023-01-09,,MG
p-1055,2023-01-09,,ES
p-1056,2023-01-09,,MG
p-1057,2023-01-10,,SP
p-1058,2023-01-10,,SP
p-1059,2023-01-10,,SP
p-1060,2023-01-10,,RJ
p-1061,2023-01-11,,MG
p-1062,2023-01-12,,SP
p-1063,2023-01-12,,RJ
p-1064,2023-01-13,,SP
p-1065,2023-01-13,,SP
p-1066,2023-01-13,,SP
p-1067,2023-01-13,,SP
p-1068,2023-01-13,,MG
p-1069,2023-01-13,,SP
p-1070,2023-01-14,,SP
p-1071,2023-01-14,,SP
p-1072,2023-01-14,,SP
p-1073,2023-01-14,,SP
p-1074,2023-01-14,,MG
p-1075,2023-01-14,,RJ
p-1076,2023-01-15,,SP
p-1077,2023-01-15,,SP
p-1078,2023-01-16,,SP
p-1079,2023-01-16,,MG
p-1080,2023-01-16,,SP
p-1081,2023-01-16,,SP
p-1082,2023-01-16,,MG
p-1083,2023-01-21,,ES
p-1084,2023-01-22,,RJ
p-1085,2023-01-22,,ES
p-1086,2023-01-23,,ES
p-1087,2023-01-24,,MG
p-1088,2023-01-24,,RJ
p-1089,2023-01-25,,MG
p-1090,2023-01-26,,SP
p-1091,2023-01-26,,MG
p-1092,2023-01-26,,MG
p-1093,2023-01-27,,SP
p-1094,2023-01-28,,SP
p-1095,2023-01-28,,SP
p-1096,2023-01-28,,SP
p-1097,2023-01-28,,SP
p-1098,2023-01-28,,MG
p-1099,2023-01-29,,SP
p-1100,2023-01-29,,SP
p-1101,2023-01-29,,SP
p-1102,2023-01-29,,SP
p-1103,2023-01-29,,ES
p-1104,2023-01-30,,SP
p-1105,2023-01-30,,RJ
p-1106,2023-01-30,,RJ
p-1107,2023-01-30,,ES
p-1108,2023-01-30,,RJ
p-1109,2023-01-30,,ES
p-1110,2023-01-31,,MG
p-1111,2023-02-01,,RJ
p-1112,2023-02-01,,ES
p-1113,2023-02-02,,SP
p-1114,2023-02-02,,SP
p-1115,2023-02-02,,MG
p-1116,2023-02-02,,ES
p-1117,2023-02-02,,ES
p-1118,2023-02-03,,MG
p-1119,2023-02-03,,MG
p-1120,2023-02-03,,MG
p-1121,2023-02-03,,RJ
p-1122,2023-02-03,,RJ
p-1123,2023-02-03,,ES
p-1124,2023-02-04,,SP
p-1125,2023-02-04,,SP
p-1126,2023-02-04,,RJ
p-1127,2023-02-04,,ES
p-1128,2023-02-04,,ES
p-1129,2023-02-05,,SP
p-1130,2023-02-05,,SP
p-1131,2023-02-05,,MG
p-1132,2023-02-05,,SP
p-1133,2023-02-05,,MG
p-1134,2023-02-06,,SP
p-1135,2023-02-06,,RJ
p-1136,2023-02-06,,MG
p-1137,2023-02-06,,ES
p-1138,2023-02-07,,SP
p-1139,2023-02-07,,RJ
p-1140,2023-02-07,,SP
p-1141,2023-02-07,,MG
p-1142,2023-02-07,,SP
p-1143,2023-02-07,,RJ
p-1144,2023-02-07,,RJ
p-1145,2023-02-08,,SP
p-1146,2023-02-08,,MG
p-1147,2023-02-08,,SP
p-1148,2023-02-08,,MG
p-1149,2023-02-08,,RJ
p-1150,2023-02-08,,RJ
p-1151,2023-02-08,,RJ
p-1152,2023-02-09,,SP
p-1153,2023-02-09,,SP
p-1154,2023-02-09,,SP
p-1155,2023-02-09,,MG
p-1156,2023-02-09,,SP
p-1157,2023-02-10,,MG
p-1158,2023-02-10,,SP
p-1159,2023-02-10,,SP
p-1160,2023-02-10,,MG
p-1161,2023-02-10,,ES
p-1162,2023-02-11,,SP
p-1163,2023-02-11,,RJ
p-1164,2023-02-11,,ES
p-1165,2023-02-11,,SP
p-1166,2023-02-11,,ES
p-1167,2023-02-11,,ES
p-1168,2023-02-11,,RJ
p-1169,2023-02-11,,RJ
p-1170,2023-02-13,,SP
p-1171,2023-02-13,,SP
p-1172,2023-02-13,,SP
p-1173,2023-02-13,,SP
p-1174,2023-02-13,,SP
p-1175,2023-02-13,,RJ
p-1176,2023-02-13,,MG
p-1177,2023-02-13,,RJ
p-1178,2023-02-14,,SP
p-1179,2023-02-14,,SP
p-1180,2023-02-14,,ES
p-1181,2023-02-15,,SP
p-1182,2023-02-15,,SP
p-1183,2023-02-15,,RJ
p-1184,2023-02-16,,ES
p-1185,2023-02-16,,RJ
p-1186,2023-02-16,,MG
p-1187,2023-02-16,,MG
p-1188,2023-02-16,,RJ
p-1189,2023-02-16,,ES
p-1190,2023-02-17,,MG
p-1191,2023-02-17,,MG
p-1192,2023-02-17,,SP
p-1193,2023-02-17,,MG
p-1194,2023-02-17,,RJ
p-1195,2023-02-18,,SP
p-1196,2023-02-18,,SP
p-1197,2023-02-18,,MG
p-1198,2023-02-18,,ES
p-1199,2023-02-19,,SP
p-1200,2023-02-19,,SP
p-1201,2023-02-19,,MG
p-1202,2023-02-19,,RJ
p-1203,2023-02-20,,MG
p-1204,2023-02-20,,SP
p-1205,2023-02-20,,ES
p-1206,2023-02-20,,RJ
p-1207,2023-02-21,,SP
p-1208,2023-02-21,,MG
p-1209,2023-02-21,,MG
p-1210,2023-02-21,,RJ
p-1211,2023-02-21,,RJ
p-1212,2023-02-22,,SP
p-1213,2023-02-22,,MG
p-1214,2023-02-22,,RJ
p-1215,2023-02-23,,SP
p-1216,2023-02-23,,SP
p-1217,2023-02-23,,MG
p-1218,2023-02-23,,MG
p-1219,2023-02-23,,MG
p-1220,2023-02-23,,MG
p-1221,2023-02-24,,SP
p-1222,2023-02-24,,SP
p-1223,2023-02-24,,SP
p-1224,2023-02-24,,SP
p-1225,2023-02-24,,MG
p-1226,2023-02-24,,MG
p-1227,2023-02-24,,SP
p-1228,2023-02-24,,MG
p-1229,2023-02-24,,RJ
p-1230,2023-02-24,,ES
p-1231,2023-02-25,,MG
p-1232,2023-02-25,,MG
p-1233,2023-02-25,,SP
p-1234,2023-02-25,,SP
p-1235,2023-02-25,,SP
p-1236,2023-02-25,,SP
p-1237,2023-02-25,,SP
p-1238,2023-02-25,,SP
p-1239,2023-02-25,,RJ
p-1240,2023-02-26,,RJ
p-1241,2023-02-26,,MG
p-1242,2023-02-26,,MG
p-1243,2023-02-26,,RJ
p-1244,2023-02-26,,SP
p-1245,2023-02-26,,MG
p-1246,2023-02-26,,ES
p-1247,2023-02-26,,ES
p-1248,2023-02-26,,ES
p-1249,2023-02-26,,ES
p-1250,2023-02-27,,SP
p-1251,2023-02-27,,SP
p-1252,2023-02-27,,SP
p-1253,2023-02-27,,MG
p-1254,2023-02-27,,RJ
p-1255,2023-02-28,,RJ
p-1256,2023-02-28,,RJ
p-1257,2023-02-28,,ES
p-1258,2023-02-28,,ES
p-1259,2023-02-28,,RJ
p-1260,2023-02-28,,ES
p-1261,2023-02-28,,RJ
p-1262,2023-02-28,,RJ
p-1263,2023-03-01,,SP
p-1264,2023-03-01,,MG
p-1265,2023-03-01,,SP
p-1266,2023-03-01,,SP
p-1267,2023-03-01,,SP
p-1268,2023-03-01,,SP
p-1269,2023-03-02,,SP
p-1270,2023-03-02,,MG
p-1271,2023-03-02,,MG
p-1272,2023-03-02,,MG
p-1273,2023-03-03,,SP
p-1274,2023-03-03,,MG
p-1275,2023-03-03,,SP
p-1276,2023-03-03,,MG
p-1277,2023-03-03,,RJ
p-1278,2023-03-03,,RJ
p-1279,2023-03-03,,RJ
p-1280,2023-03-04,,SP
p-1281,2023-03-04,,SP
p-1282,2023-03-04,,MG
p-1283,2023-03-04,,SP
p-1284,2023-03-04,,RJ
p-1285,2023-03-04,,SP
p-1286,2023-03-04,,RJ
p-1287,2023-03-04,,RJ
p-1288,2023-03-04,,ES
p-1289,2023-03-04,,ES
p-1290,2023-03-04,,RJ
p-1291,2023-03-05,,SP
p-1292,2023-03-05,,SP
p-1293,2023-03-05,,MG
p-1294,2023-03-05,,RJ
p-1295,2023-03-05,,MG
p-1296,2023-03-05,,MG
p-1297,2023-03-05,,ES
p-1298,2023-03-05,,RJ
p-1299,2023-03-06,,MG
p-1300,2023-03-06,,MG
p-1301,2023-03-06,,SP
p-1302,2023-03-06,,SP
p-1303,2023-03-06,,ES
p-1304,2023-03-06,,MG
p-1305,2023-03-06,,ES
p-1306,2023-03-06,,RJ
p-1307,2023-03-07,,MG
p-1308,2023-03-07,,MG
p-1309,2023-03-07,,SP
p-1310,2023-03-07,,SP
p-1311,2023-03-07,,MG
p-1312,2023-03-07,,RJ
p-1313,2023-03-07,,RJ
p-1314,2023-03-07,,ES
p-1315,2023-03-08,,ES
p-1316,2023-03-09,,SP
p-1317,2023-03-09,,RJ
p-1318,2023-03-09,,SP
p-1319,2023-03-09,,RJ
p-1320,2023-03-09,,RJ
p-1321,2023-03-09,,RJ
p-1322,2023-03-10,,MG
p-1323,2023-03-10,,SP
p-1324,2023-03-10,,MG
p-1325,2023-03-10,,SP
p-1326,2023-03-10,,ES
p-1327,2023-03-10,,SP
p-1328,2023-03-10,,SP
p-1329,2023-03-10,,MG
p-1330,2023-03-10,,RJ
p-1331,2023-03-10,,RJ
p-1332,2023-03-11,,SP
p-1333,2023-03-11,,SP
p-1334,2023-03-11,,MG
p-1335,2023-03-11,,MG
p-1336,2023-03-11,,MG
p-1337,2023-03-11,,ES
p-1338,2023-03-11,,ES
p-1339,2023-03-12,,MG
p-1340,2023-03-12,,RJ
p-1341,2023-03-12,,MG
p-1342,2023-03-12,,SP
p-1343,2023-03-12,,MG
p-1344,2023-03-12,,RJ
p-1345,2023-03-12,,ES
p-1346,2023-03-13,,MG
p-1347,2023-03-13,,SP
p-1348,2023-03-13,,ES
p-1349,2023-03-13,,RJ
p-1350,2023-03-13,,ES
p-1351,2023-03-13,,MG
p-1352,2023-03-13,,ES
p-1353,2023-03-13,,ES
p-1354,2023-03-14,,SP
p-1355,2023-03-14,,RJ
p-1356,2023-03-14,,SP
p-1357,2023-03-14,,MG
p-1358,2023-03-14,,SP
p-1359,2023-03-14,,RJ
p-1360,2023-03-15,,SP
p-1361,2023-03-15,,MG
p-1362,2023-03-15,,ES
p-1363,2023-03-15,,MG
p-1364,2023-03-15,,MG
p-1365,2023-03-16,,SP
p-1366,2023-03-16,,SP
p-1367,2023-03-16,,SP
p-1368,2023-03-16,,MG
p-1369,2023-03-16,,SP
p-1370,2023-03-16,,RJ
p-1371,2023-03-16,,ES
p-1372,2023-03-16,,SP
p-1373,2023-03-16,,SP
p-1374,2023-03-16,,SP
p-1375,2023-03-17,,SP
p-1376,2023-03-17,,SP
p-1377,2023-03-17,,SP
p-1378,2023-03-17,,MG
p-1379,2023-03-17,,RJ
p-1380,2023-03-18,,SP
p-1381,2023-03-18,,MG
p-1382,2023-03-19,,MG
p-1383,2023-03-19,,RJ
p-1384,2023-03-21,,RJ
p-1385,2023-03-22,,MG
p-1386,2023-03-22,,ES
p-1387,2023-03-23,,ES
p-1388,2023-03-23,,RJ
p-1389,2023-03-24,,SP
p-1390,2023-03-24,,MG
p-1391,2023-03-24,,RJ
p-1392,2023-03-24,,SP
p-1393,2023-03-24,,SP
p-1394,2023-03-24,,RJ
p-1395,2023-03-24,,ES
p-1396,2023-03-25,,MG
p-1397,2023-03-25,,SP
p-1398,2023-03-25,,MG
p-1399,2023-03-25,,MG
p-1400,2023-03-25,,MG
p-1401,2023-03-26,,SP
p-1402,2023-03-26,,ES
p-1403,2023-03-26,,RJ
p-1404,2023-03-27,,SP
p-1405,2023-03-27,,SP
p-1406,2023-03-27,,SP
p-1407,2023-03-27,,SP
p-1408,2023-03-27,,SP
p-1409,2023-03-27,,RJ
p-1410,2023-03-27,,ES
p-1411,2023-03-27,,MG
p-1412,2023-03-27,,MG
p-1413,2023-03-27,,ES
p-1414,2023-03-27,,RJ
p-1415,2023-03-28,,SP
p-1416,2023-03-28,,SP
p-1417,2023-03-28,,SP
p-1418,2023-03-28,,RJ
p-1419,2023-03-28,,MG
p-1420,2023-03-28,,RJ
p-1421,2023-03-28,,MG
p-1422,2023-03-29,,MG
p-1423,2023-03-29,,MG
p-1424,2023-03-29,,ES
p-1425,2023-03-29,,MG
p-1426,2023-03-29,,ES
p-1427,2023-03-30,,SP
p-1428,2023-03-30,,MG
p-1429,2023-03-30,,RJ
p-1430,2023-03-30,,RJ
p-1431,2023-03-30,,MG
p-1432,2023-03-30,,SP
p-1433,2023-03-31,,SP
p-1434,2023-03-31,,RJ
p-1435,2023-03-31,,ES
p-1436,2023-04-01,,SP
p-1437,2023-04-01,,MG
p-1438,2023-04-01,,MG
p-1439,2023-04-01,,RJ
p-1440,2023-04-02,,SP
p-1441,2023-04-02,,SP
p-1442,2023-04-03,,SP
p-1443,2023-04-03,,SP
p-1444,2023-04-03,,SP
p-1445,2023-04-03,,MG
p-1446,2023-04-03,,MG
p-1447,2023-04-03,,ES
p-1448,2023-04-03,,MG
p-1449,2023-04-03,,ES
p-1450,2023-04-04,,SP
p-1451,2023-04-04,,RJ
p-1452,2023-04-04,,SP
p-1453,2023-04-04,,MG
p-1454,2023-04-04,,RJ
p-1455,2023-04-04,,RJ
p-1456,2023-04-05,,MG
p-1457,2023-04-05,,MG
p-1458,2023-04-05,,RJ
p-1459,2023-04-06,,SP
p-1460,2023-04-06,,RJ
p-1461,2023-04-06,,SP
p-1462,2023-04-06,,MG
p-1463,2023-04-06,,SP
p-1464,2023-04-06,,SP
p-1465,2023-04-06,,ES
p-1466,2023-04-06,,ES
p-1467,2023-04-06,,ES
p-1468,2023-04-07,,SP
p-1469,2023-04-07,,ES
p-1470,2023-04-07,,SP
p-1471,2023-04-07,,MG
p-1472,2023-04-07,,ES
p-1473,2023-04-07,,RJ
p-1474,2023-04-07,,RJ
p-1475,2023-04-07,,MG
p-1476,2023-04-07,,MG
p-1477,2023-04-07,,ES
p-1478,2023-04-08,,SP
p-1479,2023-04-08,,SP
p-1480,2023-04-08,,MG
p-1481,2023-04-08,,RJ
p-1482,2023-04-08,,SP
p-1483,2023-04-08,,RJ
p-1484,2023-04-08,,RJ
p-1485,2023-04-08,,ES
p-1486,2023-04-09,,SP
p-1487,2023-04-09,,SP
p-1488,2023-04-09,,SP
p-1489,2023-04-09,,SP
p-1490,2023-04-09,,SP
p-1491,2023-04-09,,SP
p-1492,2023-04-09,,ES
p-1493,2023-04-10,,SP
p-1494,2023-04-10,,RJ
p-1495,2023-04-10,,MG
p-1496,2023-04-10,,MG
p-1497,2023-04-10,,ES
p-1498,2023-04-11,,SP
p-1499,2023-04-11,,SP
p-1500,2023-04-11,,RJ
p-1501,2023-04-12,,ES
p-1502,2023-04-12,,SP
p-1503,2023-04-12,,RJ
p-1504,2023-04-12,,ES
p-1505,2023-04-13,,SP
p-1506,2023-04-13,,SP
p-1507,2023-04-13,,MG
p-1508,2023-04-13,,ES
p-1509,2023-04-13,,SP
p-1510,2023-04-13,,SP
p-1511,2023-04-13,,ES
p-1512,2023-04-13,,ES
p-1513,2023-04-14,,SP
p-1514,2023-04-14,,SP
p-1515,2023-04-14,,MG
p-1516,2023-04-14,,SP
p-1517,2023-04-14,,MG
p-1518,2023-04-14,,RJ
p-1519,2023-04-14,,MG
p-1520,2023-04-14,,SP
p-1521,2023-04-14,,MG
p-1522,2023-04-14,,SP
p-1523,2023-04-14,,ES
p-1524,2023-04-14,,ES
p-1525,2023-04-15,,SP
p-1526,2023-04-15,,MG
p-1527,2023-04-15,,SP
p-1528,2023-04-15,,SP
p-1529,2023-04-15,,SP
p-1530,2023-04-15,,ES
p-1531,2023-04-15,,RJ
p-1532,2023-04-15,,MG
p-1533,2023-04-15,,ES
p-1534,2023-04-16,,SP
p-1535,2023-04-16,,SP
p-1536,2023-04-16,,MG
p-1537,2023-04-16,,SP
p-1538,2023-04-16,,SP
p-1539,2023-04-16,,MG
p-1540,2023-04-16,,MG
p-1541,2023-04-17,,SP
p-1542,2023-04-17,,SP
p-1543,2023-04-18,,SP
p-1544,2023-04-18,,SP
p-1545,2023-04-18,,MG
p-1546,2023-04-18,,RJ
p-1547,2023-04-19,,RJ
p-1548,2023-04-19,,ES
p-1549,2023-04-19,,RJ
p-1550,2023-04-20,,MG
p-1551,2023-04-20,,MG
p-1552,2023-04-20,,ES
p-1553,2023-04-21,,SP
p-1554,2023-04-21,,MG
p-1555,2023-04-21,,MG
p-1556,2023-04-22,,MG
p-1557,2023-04-22,,MG
p-1558,2023-04-22,,RJ
p-1559,2023-04-22,,ES
p-1560,2023-04-23,,MG
p-1561,2023-04-23,,SP
p-1562,2023-04-23,,SP
p-1563,2023-04-23,,SP
p-1564,2023-04-23,,RJ
p-1565,2023-04-24,,SP
p-1566,2023-04-24,,SP
p-1567,2023-04-24,,SP
p-1568,2023-04-24,,SP
p-1569,2023-04-25,,MG
p-1570,2023-04-25,,SP
p-1571,2023-04-25,,MG
p-1572,2023-04-26,,MG
p-1573,2023-04-26,,MG
p-1574,2023-04-26,,MG
p-1575,2023-04-27,,SP
p-1576,2023-04-27,,ES
p-1577,2023-04-27,,SP
p-1578,2023-04-27,,MG
p-1579,2023-04-27,,SP
p-1580,2023-04-28,,MG
p-1581,2023-04-28,,SP
p-1582,2023-04-28,,MG
p-1583,2023-04-28,,RJ
p-1584,2023-04-28,,RJ
p-1585,2023-04-30,,SP
p-1586,2023-04-30,,SP
p-1587,2023-04-30,,ES
p-1588,2023-05-01,,SP
p-1589,2023-05-01,,SP
p-1590,2023-05-01,,SP
p-1591,2023-05-01,,SP
p-1592,2023-05-01,,SP
p-1593,2023-05-01,,MG
p-1594,2023-05-01,,MG
p-1595,2023-05-02,,SP
p-1596,2023-05-02,,ES
p-1597,2023-05-02,,MG
p-1598,2023-05-02,,ES
p-1599,2023-05-02,,ES
p-1600,2023-05-03,,MG
p-1601,2023-05-03,,RJ
p-1602,2023-05-03,,ES
p-1603,2023-05-03,,RJ
p-1604,2023-05-03,,ES
p-1605,2023-05-04,,MG
p-1606,2023-05-04,,RJ
p-1607,2023-05-04,,SP
p-1608,2023-05-04,,SP
p-1609,2023-05-04,,MG
p-1610,2023-05-05,,SP
p-1611,2023-05-05,,MG
p-1612,2023-05-05,,SP
p-1613,2023-05-06,,SP
p-1614,2023-05-06,,SP
p-1615,2023-05-06,,RJ
p-1616,2023-05-06,,SP
p-1617,2023-05-06,,RJ
p-1618,2023-05-06,,MG
p-1619,2023-05-07,,SP
p-1620,2023-05-07,,SP
p-1621,2023-05-07,,SP
p-1622,2023-05-07,,SP
p-1623,2023-05-08,,MG
p-1624,2023-05-08,,ES
p-1625,2023-05-09,,SP
p-1626,2023-05-09,,ES
p-1627,2023-05-09,,MG
p-1628,2023-05-09,,MG
p-1629,2023-05-09,,ES
p-1630,2023-05-09,,MG
p-1631,2023-05-10,,MG
p-1632,2023-05-10,,MG
p-1633,2023-05-10,,RJ
p-1634,2023-05-11,,RJ
p-1635,2023-05-11,,SP
p-1636,2023-05-11,,MG
p-1637,2023-05-11,,MG
p-1638,2023-05-11,,RJ
p-1639,2023-05-12,,SP
p-1640,2023-05-12,,MG
p-1641,2023-05-12,,ES
p-1642,2023-05-12,,ES
p-1643,2023-05-13,,MG
p-1644,2023-05-13,,MG
p-1645,2023-05-13,,SP
p-1646,2023-05-13,,RJ
p-1647,2023-05-13,,SP
p-1648,2023-05-13,,RJ
p-1649,2023-05-14,,MG
p-1650,2023-05-14,,SP
p-1651,2023-05-14,,MG
p-1652,2023-05-14,,SP
p-1653,2023-05-14,,SP
p-1654,2023-05-14,,ES
p-1655,2023-05-15,,SP
p-1656,2023-05-15,,SP
p-1657,2023-05-15,,SP
p-1658,2023-05-15,,SP
p-1659,2023-05-15,,RJ
p-1660,2023-05-15,,SP
p-1661,2023-05-15,,MG
p-1662,2023-05-15,,MG
p-1663,2023-05-15,,ES
p-1664,2023-05-15,,RJ
p-1665,2023-05-16,,SP
p-1666,2023-05-16,,SP
p-1667,2023-05-16,,MG
p-1668,2023-05-16,,MG
p-1669,2023-05-16,,ES
p-1670,2023-05-16,,RJ
p-1671,2023-05-17,,SP
p-1672,2023-05-17,,SP
p-1673,2023-05-17,,ES
p-1674,2023-05-17,,ES
p-1675,2023-05-17,,MG
p-1676,2023-05-18,,RJ
p-1677,2023-05-18,,MG
p-1678,2023-05-18,,RJ
p-1679,2023-05-18,,RJ
p-1680,2023-05-18,,RJ
p-1681,2023-05-19,,SP
p-1682,2023-05-19,,SP
p-1683,2023-05-19,,SP
p-1684,2023-05-19,,MG
p-1685,2023-05-19,,SP
p-1686,2023-05-19,,SP
p-1687,2023-05-19,,MG
p-1688,2023-05-19,,MG
p-1689,2023-05-20,,SP
p-1690,2023-05-20,,RJ
p-1691,2023-05-20,,ES
p-1692,2023-05-21,,SP
p-1693,2023-05-21,,RJ
p-1694,2023-05-21,,MG
p-1695,2023-05-21,,RJ
p-1696,2023-05-21,,ES
p-1697,2023-05-22,,SP
p-1698,2023-05-22,,ES
p-1699,2023-05-22,,ES
p-1700,2023-05-23,,SP
p-1701,2023-05-23,,SP
p-1702,2023-05-23,,SP
p-1703,2023-05-23,,SP
p-1704,2023-05-23,,SP
p-1705,2023-05-23,,RJ
p-1706,2023-05-23,,RJ
p-1707,2023-05-23,,RJ
p-1708,2023-05-24,,MG
p-1709,2023-05-24,,SP
p-1710,2023-05-24,,RJ
p-1711,2023-05-24,,MG
p-1712,2023-05-25,,SP
p-1713,2023-05-25,,MG
p-1714,2023-05-25,,MG
p-1715,2023-05-25,,SP
p-1716,2023-05-25,,MG
p-1717,2023-05-26,,RJ
p-1718,2023-05-26,,SP
p-1719,2023-05-26,,SP
p-1720,2023-05-26,,SP
p-1721,2023-05-26,,SP
p-1722,2023-05-26,,SP
p-1723,2023-05-26,,RJ
p-1724,2023-05-26,,MG
p-1725,2023-05-26,,MG
p-1726,2023-05-26,,ES
p-1727,2023-05-26,,RJ
p-1728,2023-05-26,,ES
p-1729,2023-05-27,,SP
p-1730,2023-05-27,,SP
p-1731,2023-05-27,,SP
p-1732,2023-05-27,,SP
p-1733,2023-05-27,,MG
p-1734,2023-05-27,,MG
p-1735,2023-05-27,,MG
p-1736,2023-05-27,,RJ
p-1737,2023-05-27,,MG
p-1738,2023-05-28,,SP
p-1739,2023-05-28,,SP
p-1740,2023-05-28,,SP
p-1741,2023-05-28,,SP
p-1742,2023-05-28,,SP
p-1743,2023-05-28,,SP
p-1744,2023-05-29,,SP
p-1745,2023-05-29,,MG
p-1746,2023-05-29,,SP
p-1747,2023-05-29,,MG
p-1748,2023-05-29,,SP
p-1749,2023-05-29,,SP
p-1750,2023-05-29,,SP
p-1751,2023-05-29,,RJ
p-1752,2023-05-29,,RJ
p-1753,2023-05-29,,ES
p-1754,2023-05-30,,SP
p-1755,2023-05-30,,SP
p-1756,2023-05-30,,SP
p-1757,2023-05-30,,SP
p-1758,2023-05-30,,SP
p-1759,2023-06-01,,SP
p-1760,2023-06-01,,MG
p-1761,2023-06-01,,MG
p-1762,2023-06-01,,RJ
p-1763,2023-06-01,,SP
p-1764,2023-06-02,,RJ
p-1765,2023-06-02,,RJ
p-1766,2023-06-02,,SP
p-1767,2023-06-03,,SP
p-1768,2023-06-03,,SP
p-1769,2023-06-04,,SP
p-1770,2023-06-04,,SP
p-1771,2023-06-04,,MG
p-1772,2023-06-04,,MG
p-1773,2023-06-04,,SP
p-1774,2023-06-08,,ES
p-1775,2023-06-09,,ES
p-1776,2023-06-10,,ES
p-1777,2023-06-13,,MG
p-1778,2023-06-13,,RJ
p-1779,2023-06-13,,MG
p-1780,2023-06-14,,MG
p-1781,2023-06-14,,SP
p-1782,2023-06-14,,SP
p-1783,2023-06-15,,ES
p-1784,2023-06-15,,SP
p-1785,2023-06-15,,SP
p-1786,2023-06-16,,MG
p-1787,2023-06-16,,RJ
p-1788,2023-06-16,,SP
p-1789,2023-06-17,,SP
p-1790,2023-06-17,,MG
p-1791,2023-06-17,,MG
p-1792,2023-06-18,,RJ
p-1793,2023-06-21,,MG
p-1794,2023-06-22,,RJ
p-1795,2023-06-22,,RJ
p-1796,2023-06-22,,SP
p-1797,2023-06-22,,RJ
p-1798,2023-06-22,,SP
p-1799,2023-06-22,,RJ
p-1800,2023-06-23,,RJ
p-1801,2023-06-23,,SP
p-1802,2023-06-23,,MG
p-1803,2023-06-23,,RJ
p-1804,2023-06-24,,SP
p-1805,2023-06-24,,RJ
p-1806,2023-06-24,,RJ
p-1807,2023-06-24,,MG
p-1808,2023-06-24,,SP
p-1809,2023-06-24,,MG
p-1810,2023-06-24,,RJ
p-1811,2023-06-24,,ES
p-1812,2023-06-25,,SP
p-1813,2023-06-25,,MG
p-1814,2023-06-25,,ES
p-1815,2023-06-26,,SP
p-1816,2023-06-26,,SP
p-1817,2023-06-26,,SP
p-1818,2023-06-26,,SP
p-1819,2023-06-26,,RJ
p-1820,2023-06-26,,MG
p-1821,2023-06-27,,MG
p-1822,2023-06-28,,SP
p-1823,2023-06-28,,SP
p-1824,2023-06-28,,ES
p-1825,2023-06-28,,SP
p-1826,2023-06-28,,SP
p-1827,2023-06-28,,SP
p-1828,2023-06-28,,SP
p-1829,2023-06-28,,SP
p-1830,2023-06-28,,ES
p-1831,2023-06-28,,SP
p-1832,2023-06-28,,RJ
p-1833,2023-06-28,,ES
p-1834,2023-06-28,,RJ
p-1835,2023-06-29,,MG
p-1836,2023-06-29,,ES
p-1837,2023-06-29,,RJ
p-1838,2023-06-29,,RJ
p-1839,2023-06-29,,ES
p-1840,2023-06-30,,MG
p-1841,2023-06-30,,SP
p-1842,2023-06-30,,MG
p-1843,2023-06-30,,MG
p-1844,2023-06-30,,MG
p-1845,2023-06-30,,MG
p-1846,2023-06-30,,ES
p-1847,2023-07-01,,SP
p-1848,2023-07-01,,SP
p-1849,2023-07-01,,RJ
p-1850,2023-07-01,,RJ
p-1851,2023-07-01,,ES
p-1852,2023-07-01,,RJ
p-1853,2023-07-02,,SP
p-1854,2023-07-02,,ES
p-1855,2023-07-02,,SP
p-1856,2023-07-02,,ES
p-1857,2023-07-02,,MG
p-1858,2023-07-02,,ES
p-1859,2023-07-03,,MG
p-1860,2023-07-03,,MG
p-1861,2023-07-03,,SP
p-1862,2023-07-03,,ES
p-1863,2023-07-04,,MG
p-1864,2023-07-04,,MG
p-1865,2023-07-04,,MG
p-1866,2023-07-04,,ES
p-1867,2023-07-05,,SP
p-1868,2023-07-05,,ES
p-1869,2023-07-05,,MG
p-1870,2023-07-05,,SP
p-1871,2023-07-05,,MG
p-1872,2023-07-05,,MG
p-1873,2023-07-05,,RJ
p-1874,2023-07-05,,RJ
p-1875,2023-07-06,,SP
p-1876,2023-07-06,,RJ
p-1877,2023-07-06,,RJ
p-1878,2023-07-06,,MG
p-1879,2023-07-06,,MG
p-1880,2023-07-06,,MG
p-1881,2023-07-06,,MG
p-1882,2023-07-06,,MG
p-1883,2023-07-07,,MG
p-1884,2023-07-07,,SP
p-1885,2023-07-07,,SP
p-1886,2023-07-07,,MG
p-1887,2023-07-07,,SP
p-1888,2023-07-07,,MG
p-1889,2023-07-07,,RJ
p-1890,2023-07-07,,RJ
p-1891,2023-07-07,,ES
p-1892,2023-07-08,,SP
p-1893,2023-07-08,,SP
p-1894,2023-07-08,,SP
p-1895,2023-07-08,,SP
p-1896,2023-07-08,,ES
p-1897,2023-07-09,,SP
p-1898,2023-07-09,,SP
p-1899,2023-07-09,,SP
p-1900,2023-07-09,,ES
p-1901,2023-07-10,,MG
p-1902,2023-07-10,,ES
p-1903,2023-07-10,,ES
p-1904,2023-07-10,,RJ
p-1905,2023-07-10,,ES
p-1906,2023-07-11,,MG
p-1907,2023-07-11,,RJ
p-1908,2023-07-11,,SP
p-1909,2023-07-11,,RJ
p-1910,2023-07-12,,SP
p-1911,2023-07-12,,SP
p-1912,2023-07-12,,RJ
p-1913,2023-07-12,,MG
p-1914,2023-07-12,,MG
p-1915,2023-07-12,,ES
p-1916,2023-07-12,,RJ
p-1917,2023-07-12,,RJ
p-1918,2023-07-13,,SP
p-1919,2023-07-13,,SP
p-1920,2023-07-13,,MG
p-1921,2023-07-13,,ES
p-1922,2023-07-14,,SP
p-1923,2023-07-14,,SP
p-1924,2023-07-14,,SP
p-1925,2023-07-14,,SP
p-1926,2023-07-14,,RJ
p-1927,2023-07-14,,ES
p-1928,2023-07-15,,SP
p-1929,2023-07-15,,SP
p-1930,2023-07-15,,MG
p-1931,2023-07-16,,MG
p-1932,2023-07-16,,SP
p-1933,2023-07-16,,SP
p-1934,2023-07-16,,RJ
p-1935,2023-07-16,,RJ
p-1936,2023-07-17,,SP
p-1937,2023-07-17,,SP
p-1938,2023-07-17,,RJ
p-1939,2023-07-17,,RJ
p-1940,2023-07-18,,SP
p-1941,2023-07-18,,RJ
p-1942,2023-07-18,,RJ
p-1943,2023-07-19,,SP
p-1944,2023-07-19,,MG
p-1945,2023-07-19,,RJ
p-1946,2023-07-19,,RJ
p-1947,2023-07-19,,MG
p-1948,2023-07-19,,MG
p-1949,2023-07-20,,MG
p-1950,2023-07-20,,SP
p-1951,2023-07-20,,MG
p-1952,2023-07-20,,MG
p-1953,2023-07-20,,RJ
p-1954,2023-07-20,,MG
p-1955,2023-07-20,,RJ
p-1956,2023-07-20,,ES
p-1957,2023-07-21,,SP
p-1958,2023-07-21,,MG
p-1959,2023-07-21,,SP
p-1960,2023-07-21,,RJ
p-1961,2023-07-21,,SP
p-1962,2023-07-21,,ES
p-1963,2023-07-21,,ES
p-1964,2023-07-21,,MG
p-1965,2023-07-21,,SP
p-1966,2023-07-21,,RJ
p-1967,2023-07-21,,SP
p-1968,2023-07-21,,RJ
p-1969,2023-07-21,,MG
p-1970,2023-07-21,,MG
p-1971,2023-07-21,,MG
p-1972,2023-07-21,,ES
p-1973,2023-07-22,,SP
p-1974,2023-07-22,,MG
p-1975,2023-07-22,,SP
p-1976,2023-07-22,,SP
p-1977,2023-07-22,,RJ
p-1978,2023-07-22,,SP
p-1979,2023-07-22,,SP
p-1980,2023-07-22,,SP
p-1981,2023-07-22,,MG
p-1982,2023-07-22,,ES
p-1983,2023-07-22,,RJ
p-1984,2023-07-22,,RJ
p-1985,2023-07-22,,RJ
p-1986,2023-07-22,,RJ
p-1987,2023-07-23,,SP
p-1988,2023-07-23,,MG
p-1989,2023-07-23,,MG
p-1990,2023-07-23,,SP
p-1991,2023-07-23,,ES
p-1992,2023-07-23,,SP
p-1993,2023-07-24,,SP
p-1994,2023-07-24,,MG
p-1995,2023-07-24,,RJ
p-1996,2023-07-24,,MG
p-1997,2023-07-24,,SP
p-1998,2023-07-24,,SP
p-1999,2023-07-24,,RJ
p-2000,2023-07-24,,RJ
p-2001,2023-07-24,,MG
p-2002,2023-07-24,,MG
p-2003,2023-07-24,,RJ
p-2004,2023-07-24,,RJ
p-2005,2023-07-25,,SP
p-2006,2023-07-25,,SP
p-2007,2023-07-25,,MG
p-2008,2023-07-25,,ES
p-2009,2023-07-25,,MG
p-2010,2023-07-25,,RJ
p-2011,2023-07-25,,RJ
p-2012,2023-07-25,,RJ
p-2013,2023-07-26,,ES
p-2014,2023-07-26,,SP
p-2015,2023-07-27,,MG
p-2016,2023-07-27,,MG
p-2017,2023-07-27,,SP
p-2018,2023-07-27,,MG
p-2019,2023-07-28,,ES
p-2020,2023-07-28,,SP
p-2021,2023-07-28,,SP
p-2022,2023-07-28,,MG
p-2023,2023-07-28,,SP
p-2024,2023-07-29,,SP
p-2025,2023-07-29,,SP
p-2026,2023-07-29,,MG
p-2027,2023-07-29,,MG
p-2028,2023-07-29,,SP
p-2029,2023-07-29,,MG
p-2030,2023-07-29,,MG
p-2031,2023-07-29,,SP
p-2032,2023-07-30,,SP
p-2033,2023-07-30,,SP
p-2034,2023-07-30,,RJ
p-2035,2023-07-30,,ES
p-2036,2023-07-30,,ES
p-2037,2023-07-30,,RJ
p-2038,2023-07-30,,RJ
p-2039,2023-07-31,,SP
p-2040,2023-07-31,,SP
p-2041,2023-07-31,,SP
p-2042,2023-07-31,,SP
p-2043,2023-07-31,,SP
p-2044,2023-07-31,,MG
p-2045,2023-07-31,,RJ
p-2046,2023-08-01,,SP
p-2047,2023-08-01,,SP
p-2048,2023-08-01,,MG
p-2049,2023-08-01,,ES
p-2050,2023-08-01,,RJ
p-2051,2023-08-01,,ES
p-2052,2023-08-02,,SP
p-2053,2023-08-02,,SP
p-2054,2023-08-02,,RJ
p-2055,2023-08-02,,RJ
p-2056,2023-08-02,,RJ
p-2057,2023-08-03,,RJ
p-2058,2023-08-03,,ES
p-2059,2023-08-03,,RJ
p-2060,2023-08-03,,ES
p-2061,2023-08-04,,MG
p-2062,2023-08-04,,MG
p-2063,2023-08-04,,SP
p-2064,2023-08-05,,SP
p-2065,2023-08-05,,SP
p-2066,2023-08-05,,SP
p-2067,2023-08-05,,MG
p-2068,2023-08-05,,SP
p-2069,2023-08-05,,MG
p-2070,2023-08-05,,MG
p-2071,2023-08-05,,ES
p-2072,2023-08-06,,SP
p-2073,2023-08-06,,MG
p-2074,2023-08-06,,SP
p-2075,2023-08-06,,MG
p-2076,2023-08-06,,RJ
p-2077,2023-08-06,,ES
p-2078,2023-08-07,,SP
p-2079,2023-08-07,,SP
p-2080,2023-08-08,,RJ
p-2081,2023-08-10,,SP
p-2082,2023-08-10,,SP
p-2083,2023-08-10,,RJ
p-2084,2023-08-10,,ES
p-2085,2023-08-10,,ES
p-2086,2023-08-11,,MG
p-2087,2023-08-11,,RJ
p-2088,2023-08-11,,ES
p-2089,2023-08-11,,ES
p-2090,2023-08-12,,SP
p-2091,2023-08-12,,SP
p-2092,2023-08-12,,ES
p-2093,2023-08-12,,ES
p-2094,2023-08-12,,ES
p-2095,2023-08-12,,ES
p-2096,2023-08-13,,SP
p-2097,2023-08-13,,RJ
p-2098,2023-08-13,,SP
p-2099,2023-08-13,,ES
p-2100,2023-08-13,,SP
p-2101,2023-08-14,,ES
p-2102,2023-08-15,,SP
p-2103,2023-08-15,,SP
p-2104,2023-08-15,,ES
p-2105,2023-08-15,,RJ
p-2106,2023-08-15,,MG
p-2107,2023-08-15,,MG
p-2108,2023-08-15,,MG
p-2109,2023-08-15,,MG
p-2110,2023-08-16,,SP
p-2111,2023-08-16,,MG
p-2112,2023-08-16,,MG
p-2113,2023-08-16,,RJ
p-2114,2023-08-17,,SP
p-2115,2023-08-17,,MG
p-2116,2023-08-17,,MG
p-2117,2023-08-17,,SP
p-2118,2023-08-17,,MG
p-2119,2023-08-17,,MG
p-2120,2023-08-17,,MG
p-2121,2023-08-17,,ES
p-2122,2023-08-18,,MG
p-2123,2023-08-18,,MG
p-2124,2023-08-18,,SP
p-2125,2023-08-18,,SP
p-2126,2023-08-18,,SP
p-2127,2023-08-18,,RJ
p-2128,2023-08-18,,SP
p-2129,2023-08-18,,SP
p-2130,2023-08-18,,MG
p-2131,2023-08-18,,SP
p-2132,2023-08-18,,MG
p-2133,2023-08-18,,MG
p-2134,2023-08-18,,ES
p-2135,2023-08-18,,MG
p-2136,2023-08-18,,RJ
p-2137,2023-08-18,,MG
p-2138,2023-08-19,,SP
p-2139,2023-08-19,,SP
p-2140,2023-08-19,,SP
p-2141,2023-08-19,,SP
p-2142,2023-08-19,,SP
p-2143,2023-08-19,,SP
p-2144,2023-08-19,,SP
p-2145,2023-08-20,,SP
p-2146,2023-08-20,,SP
p-2147,2023-08-20,,MG
p-2148,2023-08-20,,RJ
p-2149,2023-08-20,,ES
p-2150,2023-08-21,,SP
p-2151,2023-08-21,,RJ
p-2152,2023-08-21,,ES
p-2153,2023-08-21,,MG
p-2154,2023-08-21,,MG
p-2155,2023-08-21,,RJ
p-2156,2023-08-21,,ES
p-2157,2023-08-22,,SP
p-2158,2023-08-22,,RJ
p-2159,2023-08-22,,RJ
p-2160,2023-08-22,,MG
p-2161,2023-08-22,,RJ
p-2162,2023-08-22,,RJ
p-2163,2023-08-23,,MG
p-2164,2023-08-23,,SP
p-2165,2023-08-23,,SP
p-2166,2023-08-23,,MG
p-2167,2023-08-23,,MG
p-2168,2023-08-23,,MG
p-2169,2023-08-23,,ES
p-2170,2023-08-24,,SP
p-2171,2023-08-24,,SP
p-2172,2023-08-24,,SP
p-2173,2023-08-24,,SP
p-2174,2023-08-24,,MG
p-2175,2023-08-24,,MG
p-2176,2023-08-25,,MG
p-2177,2023-08-25,,MG
p-2178,2023-08-25,,SP
p-2179,2023-08-25,,MG
p-2180,2023-08-26,,SP
p-2181,2023-08-26,,MG
p-2182,2023-08-26,,SP
p-2183,2023-08-26,,SP
p-2184,2023-08-26,,ES
p-2185,2023-08-26,,SP
p-2186,2023-08-27,,SP
p-2187,2023-08-27,,MG
p-2188,2023-08-27,,RJ
p-2189,2023-08-27,,MG
p-2190,2023-08-27,,ES
p-2191,2023-08-28,,SP
p-2192,2023-08-28,,RJ
p-2193,2023-08-28,,SP
p-2194,2023-08-28,,ES
p-2195,2023-08-28,,ES
p-2196,2023-08-29,,SP
p-2197,2023-08-29,,MG
p-2198,2023-08-29,,SP
p-2199,2023-08-29,,MG
p-2200,2023-08-31,,RJ
p-2201,2023-08-31,,SP
p-2202,2023-08-31,,SP
p-2203,2023-08-31,,MG
p-2204,2023-08-31,,RJ
p-2205,2023-08-31,,ES
p-2206,2023-09-01,,MG
p-2207,2023-09-01,,SP
p-2208,2023-09-01,,SP
p-2209,2023-09-01,,MG
p-2210,2023-09-02,,SP
p-2211,2023-09-02,,SP
p-2212,2023-09-03,,SP
p-2213,2023-09-03,,SP
p-2214,2023-09-03,,SP
p-2215,2023-09-03,,SP
p-2216,2023-09-03,,SP
p-2217,2023-09-03,,MG
p-2218,2023-09-03,,RJ
p-2219,2023-09-04,,SP
p-2220,2023-09-04,,SP
p-2221,2023-09-04,,RJ
p-2222,2023-09-04,,RJ
p-2223,2023-09-04,,MG
p-2224,2023-09-05,,MG
p-2225,2023-09-05,,SP
p-2226,2023-09-06,,SP
p-2227,2023-09-07,,RJ
p-2228,2023-09-07,,SP
p-2229,2023-09-07,,RJ
p-2230,2023-09-08,,SP
p-2231,2023-09-08,,SP
p-2232,2023-09-08,,SP
p-2233,2023-09-09,,SP
p-2234,2023-09-09,,MG
p-2235,2023-09-11,,RJ
p-2236,2023-09-11,,RJ
p-2237,2023-09-12,,SP
p-2238,2023-09-12,,SP
p-2239,2023-09-13,,RJ
p-2240,2023-09-13,,MG
p-2241,2023-09-13,,MG
p-2242,2023-09-13,,RJ
p-2243,2023-09-13,,ES
p-2244,2023-09-14,,RJ
p-2245,2023-09-14,,MG
p-2246,2023-09-14,,SP
p-2247,2023-09-14,,SP
p-2248,2023-09-14,,MG
p-2249,2023-09-14,,RJ
p-2250,2023-09-14,,MG
p-2251,2023-09-15,,SP
p-2252,2023-09-15,,MG
p-2253,2023-09-15,,SP
p-2254,2023-09-15,,RJ
p-2255,2023-09-16,,RJ
p-2256,2023-09-16,,MG
p-2257,2023-09-16,,SP
p-2258,2023-09-16,,ES
p-2259,2023-09-17,,MG
p-2260,2023-09-17,,SP
p-2261,2023-09-17,,SP
p-2262,2023-09-18,,SP
p-2263,2023-09-18,,SP
p-2264,2023-09-18,,SP
p-2265,2023-09-18,,MG
p-2266,2023-09-18,,MG
p-2267,2023-09-18,,ES
p-2268,2023-09-18,,RJ
p-2269,2023-09-19,,SP
p-2270,2023-09-19,,ES
p-2271,2023-09-20,,MG
p-2272,2023-09-20,,SP
p-2273,2023-09-20,,SP
p-2274,2023-09-20,,ES
p-2275,2023-09-21,,RJ
p-2276,2023-09-21,,MG
p-2277,2023-09-21,,ES
p-2278,2023-09-21,,MG
p-2279,2023-09-22,,MG
p-2280,2023-09-22,,SP
p-2281,2023-09-22,,SP
p-2282,2023-09-22,,SP
p-2283,2023-09-22,,SP
p-2284,2023-09-22,,SP
p-2285,2023-09-22,,RJ
p-2286,2023-09-22,,ES
p-2287,2023-09-23,,MG
p-2288,2023-09-23,,SP
p-2289,2023-09-24,,SP
p-2290,2023-09-24,,SP
p-2291,2023-09-24,,SP
p-2292,2023-09-24,,SP
p-2293,2023-09-24,,SP
p-2294,2023-09-24,,SP
p-2295,2023-09-24,,SP
p-2296,2023-09-24,,RJ
p-2297,2023-09-25,,MG
p-2298,2023-09-25,,RJ
p-2299,2023-09-25,,ES
p-2300,2023-09-26,,SP
p-2301,2023-09-26,,MG
p-2302,2023-09-26,,MG
p-2303,2023-09-26,,MG
p-2304,2023-09-26,,RJ
p-2305,2023-09-27,,SP
p-2306,2023-09-27,,RJ
p-2307,2023-09-27,,MG
p-2308,2023-09-27,,MG
p-2309,2023-09-27,,RJ
p-2310,2023-09-27,,MG
p-2311,2023-09-28,,SP
p-2312,2023-09-28,,MG
p-2313,2023-09-28,,MG
p-2314,2023-09-28,,ES
p-2315,2023-09-28,,RJ
p-2316,2023-09-28,,ES
p-2317,2023-09-28,,ES
p-2318,2023-09-28,,ES
p-2319,2023-09-29,,SP
p-2320,2023-09-29,,RJ
p-2321,2023-09-29,,SP
p-2322,2023-09-29,,SP
p-2323,2023-09-29,,MG
p-2324,2023-09-29,,ES
p-2325,2023-09-29,,ES
p-2326,2023-09-29,,ES
p-2327,2023-09-30,,SP
p-2328,2023-09-30,,MG
p-2329,2023-09-30,,MG
p-2330,2023-09-30,,SP
p-2331,2023-09-30,,SP
p-2332,2023-09-30,,ES
p-2333,2023-09-30,,RJ
p-2334,2023-10-01,,SP
p-2335,2023-10-01,,MG
p-2336,2023-10-01,,SP
p-2337,2023-10-01,,SP
p-2338,2023-10-01,,SP
p-2339,2023-10-01,,RJ
p-2340,2023-10-01,,RJ
p-2341,2023-10-01,,RJ
p-2342,2023-10-01,,RJ
p-2343,2023-10-01,,ES
p-2344,2023-10-02,,SP
p-2345,2023-10-02,,SP
p-2346,2023-10-02,,SP
p-2347,2023-10-02,,SP
p-2348,2023-10-02,,MG
p-2349,2023-10-02,,RJ
p-2350,2023-10-02,,SP
p-2351,2023-10-02,,MG
p-2352,2023-10-02,,ES
p-2353,2023-10-02,,ES
p-2354,2023-10-02,,RJ
p-2355,2023-10-03,,MG
p-2356,2023-10-03,,MG
p-2357,2023-10-04,,MG
p-2358,2023-10-04,,SP
p-2359,2023-10-04,,MG
p-2360,2023-10-04,,RJ
p-2361,2023-10-04,,MG
p-2362,2023-10-04,,RJ
p-2363,2023-10-05,,RJ
p-2364,2023-10-05,,MG
p-2365,2023-10-05,,SP
p-2366,2023-10-05,,RJ
p-2367,2023-10-05,,SP
p-2368,2023-10-05,,MG
p-2369,2023-10-05,,MG
p-2370,2023-10-05,,RJ
p-2371,2023-10-05,,SP
p-2372,2023-10-05,,SP
p-2373,2023-10-05,,MG
p-2374,2023-10-05,,RJ
p-2375,2023-10-05,,ES
p-2376,2023-10-06,,SP
p-2377,2023-10-06,,MG
p-2378,2023-10-06,,SP
p-2379,2023-10-06,,MG
p-2380,2023-10-06,,SP
p-2381,2023-10-06,,MG
p-2382,2023-10-06,,MG
p-2383,2023-10-06,,ES
p-2384,2023-10-07,,SP
p-2385,2023-10-07,,SP
p-2386,2023-10-07,,SP
p-2387,2023-10-07,,SP
p-2388,2023-10-07,,SP
p-2389,2023-10-07,,RJ
p-2390,2023-10-07,,SP
p-2391,2023-10-07,,RJ
p-2392,2023-10-07,,ES
p-2393,2023-10-08,,MG
p-2394,2023-10-08,,MG
p-2395,2023-10-08,,SP
p-2396,2023-10-08,,MG
p-2397,2023-10-08,,SP
p-2398,2023-10-08,,SP
p-2399,2023-10-08,,MG
p-2400,2023-10-08,,ES
p-2401,2023-10-08,,ES
p-2402,2023-10-09,,SP
p-2403,2023-10-09,,SP
p-2404,2023-10-09,,SP
p-2405,2023-10-09,,SP
p-2406,2023-10-09,,SP
p-2407,2023-10-09,,MG
p-2408,2023-10-09,,RJ
p-2409,2023-10-09,,RJ
p-2410,2023-10-09,,ES
p-2411,2023-10-09,,ES
p-2412,2023-10-10,,SP
p-2413,2023-10-10,,MG
p-2414,2023-10-10,,SP
p-2415,2023-10-10,,RJ
p-2416,2023-10-10,,ES
p-2417,2023-10-11,,SP
p-2418,2023-10-11,,SP
p-2419,2023-10-11,,SP
p-2420,2023-10-11,,SP
p-2421,2023-10-11,,SP
p-2422,2023-10-11,,SP
p-2423,2023-10-11,,MG
p-2424,2023-10-11,,ES
p-2425,2023-10-12,,MG
p-2426,2023-10-12,,SP
p-2427,2023-10-12,,SP
p-2428,2023-10-12,,MG
p-2429,2023-10-12,,RJ
p-2430,2023-10-12,,MG
p-2431,2023-10-12,,RJ
p-2432,2023-10-12,,RJ
p-2433,2023-10-13,,MG
p-2434,2023-10-13,,MG
p-2435,2023-10-13,,SP
p-2436,2023-10-13,,MG
p-2437,2023-10-13,,SP
p-2438,2023-10-13,,MG
p-2439,2023-10-13,,MG
p-2440,2023-10-14,,MG
p-2441,2023-10-14,,MG
p-2442,2023-10-14,,SP
p-2443,2023-10-14,,SP
p-2444,2023-10-14,,MG
p-2445,2023-10-14,,SP
p-2446,2023-10-14,,MG
p-2447,2023-10-14,,RJ
p-2448,2023-10-14,,ES
p-2449,2023-10-15,,SP
p-2450,2023-10-15,,SP
p-2451,2023-10-15,,SP
p-2452,2023-10-15,,SP
p-2453,2023-10-15,,RJ
p-2454,2023-10-15,,RJ
p-2455,2023-10-15,,ES
p-2456,2023-10-16,,SP
p-2457,2023-10-16,,SP
p-2458,2023-10-16,,MG
p-2459,2023-10-16,,MG
p-2460,2023-10-16,,SP
p-2461,2023-10-16,,SP
p-2462,2023-10-16,,MG
p-2463,2023-10-16,,MG
p-2464,2023-10-16,,RJ
p-2465,2023-10-17,,MG
p-2466,2023-10-17,,RJ
p-2467,2023-10-18,,SP
p-2468,2023-10-18,,SP
p-2469,2023-10-18,,SP
p-2470,2023-10-18,,SP
p-2471,2023-10-18,,MG
p-2472,2023-10-18,,MG
p-2473,2023-10-18,,MG
p-2474,2023-10-19,,MG
p-2475,2023-10-19,,RJ
p-2476,2023-10-19,,MG
p-2477,2023-10-20,,SP
p-2478,2023-10-20,,SP
p-2479,2023-10-20,,SP
p-2480,2023-10-21,,RJ
p-2481,2023-10-21,,SP
p-2482,2023-10-21,,RJ
p-2483,2023-10-22,,SP
p-2484,2023-10-22,,SP
p-2485,2023-10-22,,MG
p-2486,2023-10-22,,SP
p-2487,2023-10-22,,ES
p-2488,2023-10-23,,MG
p-2489,2023-10-23,,MG
p-2490,2023-10-23,,MG
p-2491,2023-10-23,,ES
p-2492,2023-10-24,,ES
p-2493,2023-10-24,,ES
p-2494,2023-10-24,,MG
p-2495,2023-10-24,,MG
p-2496,2023-10-25,,SP
p-2497,2023-10-25,,SP
p-2498,2023-10-26,,RJ
p-2499,2023-10-26,,RJ
p-2500,2023-10-27,,SP
p-2501,2023-10-27,,SP
p-2502,2023-10-28,,SP
p-2503,2023-10-28,,SP
p-2504,2023-10-28,,RJ
p-2505,2023-10-28,,SP
p-2506,2023-10-28,,ES
p-2507,2023-10-28,,ES
p-2508,2023-10-29,,SP
p-2509,2023-10-29,,SP
p-2510,2023-10-29,,SP
p-2511,2023-10-29,,SP
p-2512,2023-10-29,,SP
p-2513,2023-10-29,,SP
p-2514,2023-10-29,,SP
p-2515,2023-10-29,,SP
p-2516,2023-10-29,,RJ
p-2517,2023-10-29,,RJ
p-2518,2023-10-29,,SP
p-2519,2023-10-29,,MG
p-2520,2023-10-30,,SP
p-2521,2023-10-30,,ES
p-2522,2023-10-31,,SP
p-2523,2023-10-31,,MG
p-2524,2023-10-31,,SP
p-2525,2023-10-31,,SP
p-2526,2023-11-01,,SP
p-2527,2023-11-01,,SP
p-2528,2023-11-01,,SP
p-2529,2023-11-01,,MG
p-2530,2023-11-01,,MG
p-2531,2023-11-02,,MG
p-2532,2023-11-02,,SP
p-2533,2023-11-02,,SP
p-2534,2023-11-02,,ES
p-2535,2023-11-03,,SP
p-2536,2023-11-03,,SP
p-2537,2023-11-03,,MG
p-2538,2023-11-03,,RJ
p-2539,2023-11-03,,MG
p-2540,2023-11-03,,ES
p-2541,2023-11-04,,SP
p-2542,2023-11-04,,SP
p-2543,2023-11-04,,RJ
p-2544,2023-11-04,,RJ
p-2545,2023-11-04,,SP
p-2546,2023-11-04,,SP
p-2547,2023-11-04,,ES
p-2548,2023-11-05,,MG
p-2549,2023-11-05,,MG
p-2550,2023-11-05,,MG
p-2551,2023-11-05,,SP
p-2552,2023-11-05,,MG
p-2553,2023-11-05,,RJ
p-2554,2023-11-05,,SP
p-2555,2023-11-05,,MG
p-2556,2023-11-05,,MG
p-2557,2023-11-05,,RJ
p-2558,2023-11-05,,MG
p-2559,2023-11-05,,RJ
p-2560,2023-11-06,,SP
p-2561,2023-11-06,,SP
p-2562,2023-11-06,,MG
p-2563,2023-11-06,,SP
p-2564,2023-11-06,,SP
p-2565,2023-11-06,,RJ
p-2566,2023-11-06,,MG
p-2567,2023-11-07,,MG
p-2568,2023-11-07,,MG
p-2569,2023-11-07,,SP
p-2570,2023-11-07,,SP
p-2571,2023-11-07,,MG
p-2572,2023-11-07,,RJ
p-2573,2023-11-08,,SP
p-2574,2023-11-08,,SP
p-2575,2023-11-08,,SP
p-2576,2023-11-08,,MG
p-2577,2023-11-08,,ES
p-2578,2023-11-08,,SP
p-2579,2023-11-08,,RJ
p-2580,2023-11-09,,MG
p-2581,2023-11-09,,SP
p-2582,2023-11-09,,SP
p-2583,2023-11-09,,RJ
p-2584,2023-11-09,,ES
p-2585,2023-11-09,,MG
p-2586,2023-11-09,,SP
p-2587,2023-11-09,,MG
p-2588,2023-11-09,,MG
p-2589,2023-11-10,,SP
p-2590,2023-11-10,,MG
p-2591,2023-11-10,,SP
p-2592,2023-11-10,,MG
p-2593,2023-11-10,,SP
p-2594,2023-11-10,,SP
p-2595,2023-11-10,,SP
p-2596,2023-11-10,,MG
p-2597,2023-11-10,,MG
p-2598,2023-11-10,,SP
p-2599,2023-11-10,,SP
p-2600,2023-11-10,,RJ
p-2601,2023-11-10,,MG
p-2602,2023-11-10,,MG
p-2603,2023-11-11,,RJ
p-2604,2023-11-11,,SP
p-2605,2023-11-11,,MG
p-2606,2023-11-11,,RJ
p-2607,2023-11-11,,SP
p-2608,2023-11-11,,MG
p-2609,2023-11-11,,RJ
p-2610,2023-11-12,,SP
p-2611,2023-11-12,,MG
p-2612,2023-11-12,,RJ
p-2613,2023-11-12,,RJ
p-2614,2023-11-12,,MG
p-2615,2023-11-12,,RJ
p-2616,2023-11-12,,SP
p-2617,2023-11-12,,ES
p-2618,2023-11-12,,ES
p-2619,2023-11-12,,ES
p-2620,2023-11-13,,SP
p-2621,2023-11-13,,SP
p-2622,2023-11-13,,SP
p-2623,2023-11-13,,SP
p-2624,2023-11-13,,SP
p-2625,2023-11-13,,RJ
p-2626,2023-11-13,,SP
p-2627,2023-11-13,,MG
p-2628,2023-11-14,,SP
p-2629,2023-11-14,,SP
p-2630,2023-11-14,,MG
p-2631,2023-11-14,,RJ
p-2632,2023-11-14,,RJ
p-2633,2023-11-14,,MG
p-2634,2023-11-15,,SP
p-2635,2023-11-15,,SP
p-2636,2023-11-15,,SP
p-2637,2023-11-15,,ES
p-2638,2023-11-15,,MG
p-2639,2023-11-15,,RJ
p-2640,2023-11-16,,MG
p-2641,2023-11-16,,MG
p-2642,2023-11-16,,SP
p-2643,2023-11-16,,SP
p-2644,2023-11-16,,SP
p-2645,2023-11-16,,MG
p-2646,2023-11-16,,MG
p-2647,2023-11-17,,SP
p-2648,2023-11-17,,SP
p-2649,2023-11-17,,SP
p-2650,2023-11-17,,RJ
p-2651,2023-11-17,,MG
p-2652,2023-11-17,,SP
p-2653,2023-11-17,,RJ
p-2654,2023-11-17,,ES
p-2655,2023-11-18,,SP
p-2656,2023-11-18,,SP
p-2657,2023-11-18,,MG
p-2658,2023-11-18,,SP
p-2659,2023-11-19,,MG
p-2660,2023-11-19,,SP
p-2661,2023-11-19,,SP
p-2662,2023-11-19,,SP
p-2663,2023-11-19,,ES
p-2664,2023-11-20,,MG
p-2665,2023-11-20,,MG
p-2666,2023-11-20,,SP
p-2667,2023-11-20,,RJ
p-2668,2023-11-21,,SP
p-2669,2023-11-21,,ES
p-2670,2023-11-21,,RJ
p-2671,2023-11-21,,RJ
p-2672,2023-11-21,,ES
p-2673,2023-11-21,,ES
p-2674,2023-11-21,,RJ
p-2675,2023-11-22,,SP
p-2676,2023-11-23,,ES
p-2677,2023-11-23,,SP
p-2678,2023-11-23,,RJ
p-2679,2023-11-23,,ES
p-2680,2023-11-24,,SP
p-2681,2023-11-24,,MG
p-2682,2023-11-24,,SP
p-2683,2023-11-24,,RJ
p-2684,2023-11-24,,RJ
p-2685,2023-11-24,,RJ
p-2686,2023-11-24,,SP
p-2687,2023-11-24,,MG
p-2688,2023-11-24,,MG
p-2689,2023-11-25,,MG
p-2690,2023-11-25,,MG
p-2691,2023-11-25,,MG
p-2692,2023-11-25,,RJ
p-2693,2023-11-25,,SP
p-2694,2023-11-25,,MG
p-2695,2023-11-25,,SP
p-2696,2023-11-25,,ES
p-2697,2023-11-26,,SP
p-2698,2023-11-26,,SP
p-2699,2023-11-26,,SP
p-2700,2023-11-26,,ES
p-2701,2023-11-26,,SP
p-2702,2023-11-26,,RJ
p-2703,2023-11-26,,ES
p-2704,2023-11-26,,RJ
p-2705,2023-11-27,,SP
p-2706,2023-11-27,,ES
p-2707,2023-11-27,,MG
p-2708,2023-11-27,,SP
p-2709,2023-11-27,,MG
p-2710,2023-11-27,,MG
p-2711,2023-11-27,,MG
p-2712,2023-11-27,,ES
p-2713,2023-11-28,,SP
p-2714,2023-11-28,,SP
p-2715,2023-11-28,,MG
p-2716,2023-11-28,,MG
p-2717,2023-11-28,,SP
p-2718,2023-11-28,,MG
p-2719,2023-11-28,,MG
p-2720,2023-11-28,,ES
p-2721,2023-11-29,,SP
p-2722,2023-11-29,,MG
p-2723,2023-11-29,,SP
p-2724,2023-11-29,,MG
p-2725,2023-11-29,,RJ
p-2726,2023-11-29,,MG
p-2727,2023-11-29,,RJ
p-2728,2023-11-29,,MG
p-2729,2023-11-29,,ES
p-2730,2023-11-29,,ES
p-2731,2023-11-30,,ES
p-2732,2023-11-30,,MG
p-2733,2023-11-30,,MG
p-2734,2023-12-01,,MG
p-2735,2023-12-01,,ES
p-2736,2023-12-01,,ES
p-2737,2023-12-01,,RJ
p-2738,2023-12-01,,ES
p-2739,2023-12-02,,MG
p-2740,2023-12-02,,SP
p-2741,2023-12-02,,MG
p-2742,2023-12-02,,ES
p-2743,2023-12-02,,MG
p-2744,2023-12-02,,RJ
p-2745,2023-12-02,,MG
p-2746,2023-12-02,,RJ
p-2747,2023-12-02,,RJ
p-2748,2023-12-03,,SP
p-2749,2023-12-03,,SP
p-2750,2023-12-03,,SP
p-2751,2023-12-03,,SP
p-2752,2023-12-03,,MG
p-2753,2023-12-03,,RJ
p-2754,2023-12-03,,RJ
p-2755,2023-12-03,,MG
p-2756,2023-12-03,,MG
p-2757,2023-12-03,,RJ
p-2758,2023-12-04,,SP
p-2759,2023-12-04,,SP
p-2760,2023-12-04,,SP
p-2761,2023-12-04,,MG
p-2762,2023-12-04,,MG
p-2763,2023-12-04,,MG
p-2764,2023-12-04,,ES
p-2765,2023-12-04,,ES
p-2766,2023-12-05,,SP
p-2767,2023-12-05,,SP
p-2768,2023-12-05,,SP
p-2769,2023-12-05,,SP
p-2770,2023-12-05,,SP
p-2771,2023-12-05,,RJ
p-2772,2023-12-05,,SP
p-2773,2023-12-05,,SP
p-2774,2023-12-05,,RJ
p-2775,2023-12-06,,MG
p-2776,2023-12-06,,RJ
p-2777,2023-12-06,,SP
p-2778,2023-12-06,,SP
p-2779,2023-12-06,,RJ
p-2780,2023-12-06,,ES
p-2781,2023-12-06,,RJ
p-2782,2023-12-07,,SP
p-2783,2023-12-07,,SP
p-2784,2023-12-07,,MG
p-2785,2023-12-07,,MG
p-2786,2023-12-07,,RJ
p-2787,2023-12-08,,SP
p-2788,2023-12-08,,MG
p-2789,2023-12-08,,SP
p-2790,2023-12-08,,RJ
p-2791,2023-12-08,,SP
p-2792,2023-12-08,,SP
p-2793,2023-12-08,,MG
p-2794,2023-12-08,,SP
p-2795,2023-12-08,,SP
p-2796,2023-12-08,,SP
p-2797,2023-12-08,,SP
p-2798,2023-12-09,,SP
p-2799,2023-12-09,,SP
p-2800,2023-12-09,,SP
p-2801,2023-12-09,,MG
p-2802,2023-12-09,,SP
p-2803,2023-12-09,,SP
p-2804,2023-12-09,,ES
p-2805,2023-12-10,,SP
p-2806,2023-12-10,,SP
p-2807,2023-12-10,,MG
p-2808,2023-12-10,,SP
p-2809,2023-12-10,,ES
p-2810,2023-12-10,,ES
p-2811,2023-12-11,,MG
p-2812,2023-12-11,,SP
p-2813,2023-12-11,,SP
p-2814,2023-12-12,,SP
p-2815,2023-12-12,,SP
p-2816,2023-12-12,,ES
p-2817,2023-12-12,,ES
p-2818,2023-12-13,,SP
p-2819,2023-12-13,,MG
p-2820,2023-12-13,,SP
p-2821,2023-12-13,,MG
p-2822,2023-12-13,,SP
p-2823,2023-12-13,,MG
p-2824,2023-12-13,,SP
p-2825,2023-12-13,,SP
p-2826,2023-12-13,,ES
p-2827,2023-12-14,,SP
p-2828,2023-12-14,,SP
p-2829,2023-12-15,,MG
p-2830,2023-12-15,,SP
p-2831,2023-12-15,,SP
p-2832,2023-12-15,,RJ
p-2833,2023-12-15,,ES
p-2834,2023-12-16,,SP
p-2835,2023-12-16,,SP
p-2836,2023-12-16,,MG
p-2837,2023-12-16,,SP
p-2838,2023-12-16,,MG
p-2839,2023-12-16,,RJ
p-2840,2023-12-17,,SP
p-2841,2023-12-17,,ES
p-2842,2023-12-17,,MG
p-2843,2023-12-17,,ES
p-2844,2023-12-17,,RJ
p-2845,2023-12-18,,SP
p-2846,2023-12-18,,SP
p-2847,2023-12-18,,MG
p-2848,2023-12-18,,MG
p-2849,2023-12-18,,RJ
p-2850,2023-12-18,,ES
p-2851,2023-12-19,,SP
p-2852,2023-12-19,,SP
p-2853,2023-12-19,,SP
p-2854,2023-12-19,,MG
p-2855,2023-12-19,,RJ
p-2856,2023-12-20,,SP
p-2857,2023-12-20,,SP
p-2858,2023-12-20,,MG
p-2859,2023-12-20,,RJ
p-2860,2023-12-20,,MG
p-2861,2023-12-20,,MG
p-2862,2023-12-21,,SP
p-2863,2023-12-21,,SP
p-2864,2023-12-21,,SP
p-2865,2023-12-21,,RJ
p-2866,2023-12-21,,MG
p-2867,2023-12-22,,MG
p-2868,2023-12-22,,SP
p-2869,2023-12-22,,SP
p-2870,2023-12-22,,MG
p-2871,2023-12-22,,SP
p-2872,2023-12-22,,SP
p-2873,2023-12-22,,MG
p-2874,2023-12-22,,SP
p-2875,2023-12-23,,MG
p-2876,2023-12-23,,SP
p-2877,2023-12-23,,SP
p-2878,2023-12-23,,ES
p-2879,2023-12-24,,SP
p-2880,2023-12-24,,RJ
p-2881,2023-12-24,,SP
p-2882,2023-12-24,,SP
p-2883,2023-12-24,,MG
p-2884,2023-12-24,,MG
p-2885,2023-12-24,,MG
p-2886,2023-12-25,,MG
p-2887,2023-12-25,,SP
p-2888,2023-12-25,,MG
p-2889,2023-12-25,,MG
p-2890,2023-12-25,,SP
p-2891,2023-12-25,,MG
p-2892,2023-12-25,,RJ
p-2893,2023-12-26,,SP
p-2894,2023-12-26,,SP
p-2895,2023-12-26,,SP
p-2896,2023-12-26,,MG
p-2897,2023-12-27,,SP
p-2898,2023-12-27,,RJ
p-2899,2023-12-27,,MG
p-2900,2023-12-29,,RJ
p-2901,2023-12-29,,SP
p-2902,2023-12-29,,SP
p-2903,2023-12-29,,ES
p-2904,2023-12-30,,SP
p-2905,2023-12-31,,SP
p-2906,2023-12-31,,SP
p-2907,2023-12-31,,SP
p-2908,2023-12-31,,SP
p-2909,2024-01-01,,SP
p-2910,2024-01-01,,MG
p-2911,2024-01-02,,SP
p-2912,2024-01-02,,SP
p-2913,2024-01-02,,RJ
p-2914,2024-01-02,,ES
p-2915,2024-01-02,,RJ
p-2916,2024-01-03,,SP
p-2917,2024-01-03,,SP
p-2918,2024-01-03,,SP
p-2919,2024-01-03,,SP
p-2920,2024-01-03,,SP
p-2921,2024-01-03,,MG
p-2922,2024-01-04,,SP
p-2923,2024-01-04,,MG
p-2924,2024-01-05,,MG
p-2925,2024-01-05,,SP
p-2926,2024-01-05,,RJ
p-2927,2024-01-05,,SP
p-2928,2024-01-05,,SP
p-2929,2024-01-05,,MG
p-2930,2024-01-05,,ES
p-2931,2024-01-05,,SP
p-2932,2024-01-06,,SP
p-2933,2024-01-06,,SP
p-2934,2024-01-06,,RJ
p-2935,2024-01-06,,ES
p-2936,2024-01-06,,MG
p-2937,2024-01-06,,SP
p-2938,2024-01-06,,RJ
p-2939,2024-01-06,,RJ
p-2940,2024-01-07,,SP
p-2941,2024-01-07,,SP
p-2942,2024-01-07,,SP
p-2943,2024-01-07,,RJ
p-2944,2024-01-07,,RJ
p-2945,2024-01-07,,RJ
p-2946,2024-01-08,,SP
p-2947,2024-01-08,,SP
p-2948,2024-01-08,,SP
p-2949,2024-01-09,,SP
p-2950,2024-01-09,,ES
p-2951,2024-01-09,,RJ
p-2952,2024-01-09,,ES
p-2953,2024-01-10,,SP
p-2954,2024-01-10,,ES
p-2955,2024-01-10,,ES
p-2956,2024-01-10,,RJ
p-2957,2024-01-10,,RJ
p-2958,2024-01-11,,RJ
p-2959,2024-01-11,,RJ
p-2960,2024-01-11,,MG
p-2961,2024-01-11,,SP
p-2962,2024-01-11,,MG
p-2963,2024-01-11,,ES
p-2964,2024-01-12,,MG
p-2965,2024-01-12,,SP
p-2966,2024-01-12,,SP
p-2967,2024-01-12,,RJ
p-2968,2024-01-12,,MG
p-2969,2024-01-12,,MG
p-2970,2024-01-12,,MG
p-2971,2024-01-12,,MG
p-2972,2024-01-12,,RJ
p-2973,2024-01-12,,MG
p-2974,2024-01-12,,MG
p-2975,2024-01-13,,MG
p-2976,2024-01-13,,SP
p-2977,2024-01-13,,MG
p-2978,2024-01-13,,ES
p-2979,2024-01-14,,SP
p-2980,2024-01-14,,SP
p-2981,2024-01-14,,SP
p-2982,2024-01-14,,SP
p-2983,2024-01-14,,MG
p-2984,2024-01-15,,MG
p-2985,2024-01-15,,RJ
p-2986,2024-01-15,,MG
p-2987,2024-01-15,,RJ
p-2988,2024-01-15,,ES
p-2989,2024-01-16,,SP
p-2990,2024-01-16,,MG
p-2991,2024-01-16,,MG
p-2992,2024-01-16,,SP
p-2993,2024-01-17,,MG
p-2994,2024-01-17,,MG
p-2995,2024-01-18,,SP
p-2996,2024-01-18,,MG
p-2997,2024-01-18,,ES
p-2998,2024-01-18,,RJ
p-2999,2024-01-18,,RJ
p-3000,2024-01-18,,MG
p-3001,2024-01-19,,SP
p-3002,2024-01-19,,MG
p-3003,2024-01-19,,SP
p-3004,2024-01-19,,RJ
p-3005,2024-01-19,,SP
p-3006,2024-01-19,,ES
p-3007,2024-01-19,,ES
p-3008,2024-01-20,,RJ
p-3009,2024-01-20,,RJ
p-3010,2024-01-20,,MG
p-3011,2024-01-21,,SP
p-3012,2024-01-21,,MG
p-3013,2024-01-21,,SP
p-3014,2024-01-21,,SP
p-3015,2024-01-21,,MG
p-3016,2024-01-21,,RJ
p-3017,2024-01-21,,RJ
p-3018,2024-01-21,,RJ
p-3019,2024-01-21,,ES
p-3020,2024-01-22,,SP
p-3021,2024-01-22,,SP
p-3022,2024-01-22,,SP
p-3023,2024-01-22,,RJ
p-3024,2024-01-22,,RJ
p-3025,2024-01-23,,SP
p-3026,2024-01-23,,SP
p-3027,2024-01-23,,MG
p-3028,2024-01-23,,RJ
p-3029,2024-01-24,,SP
p-3030,2024-01-24,,MG
p-3031,2024-01-24,,SP
p-3032,2024-01-24,,MG
p-3033,2024-01-24,,MG
p-3034,2024-01-24,,ES
p-3035,2024-01-25,,SP
p-3036,2024-01-25,,SP
p-3037,2024-01-25,,SP
p-3038,2024-01-25,,SP
p-3039,2024-01-25,,RJ
p-3040,2024-01-25,,SP
p-3041,2024-01-25,,SP
p-3042,2024-01-25,,SP
p-3043,2024-01-25,,SP
p-3044,2024-01-25,,MG
p-3045,2024-01-25,,MG
p-3046,2024-01-25,,ES
p-3047,2024-01-26,,SP
p-3048,2024-01-26,,SP
p-3049,2024-01-26,,SP
p-3050,2024-01-26,,RJ
p-3051,2024-01-26,,MG
p-3052,2024-01-26,,SP
p-3053,2024-01-26,,SP
p-3054,2024-01-26,,RJ
p-3055,2024-01-26,,MG
p-3056,2024-01-27,,ES
p-3057,2024-01-27,,MG
p-3058,2024-01-27,,SP
p-3059,2024-01-27,,SP
p-3060,2024-01-28,,SP
p-3061,2024-01-28,,MG
p-3062,2024-01-28,,SP
p-3063,2024-01-28,,SP
p-3064,2024-01-29,,SP
p-3065,2024-01-29,,SP
p-3066,2024-01-29,,RJ
p-3067,2024-01-29,,MG
p-3068,2024-01-29,,RJ
p-3069,2024-01-29,,ES
p-3070,2024-01-30,,SP
p-3071,2024-01-30,,SP
p-3072,2024-01-30,,MG
p-3073,2024-01-30,,MG
p-3074,2024-01-30,,ES
p-3075,2024-01-31,,SP
p-3076,2024-01-31,,SP
p-3077,2024-01-31,,SP
p-3078,2024-01-31,,SP
p-3079,2024-01-31,,RJ
p-3080,2024-01-31,,RJ
p-3081,2024-01-31,,MG
p-3082,2024-01-31,,RJ
p-3083,2024-01-31,,RJ
p-3084,2024-02-01,,SP
p-3085,2024-02-01,,ES
p-3086,2024-02-01,,ES
p-3087,2024-02-01,,MG
p-3088,2024-02-02,,RJ
p-3089,2024-02-02,,MG
p-3090,2024-02-02,,SP
p-3091,2024-02-02,,ES
p-3092,2024-02-02,,ES
p-3093,2024-02-03,,SP
p-3094,2024-02-03,,MG
p-3095,2024-02-03,,SP
p-3096,2024-02-03,,MG
p-3097,2024-02-03,,SP
p-3098,2024-02-03,,SP
p-3099,2024-02-03,,RJ
p-3100,2024-02-03,,ES
p-3101,2024-02-03,,ES
p-3102,2024-02-04,,SP
p-3103,2024-02-04,,SP
p-3104,2024-02-04,,MG
p-3105,2024-02-04,,MG
p-3106,2024-02-04,,SP
p-3107,2024-02-04,,SP
p-3108,2024-02-04,,SP
p-3109,2024-02-04,,RJ
p-3110,2024-02-05,,MG
p-3111,2024-02-05,,SP
p-3112,2024-02-05,,ES
p-3113,2024-02-06,,RJ
p-3114,2024-02-06,,SP
p-3115,2024-02-06,,MG
p-3116,2024-02-06,,SP
p-3117,2024-02-06,,RJ
p-3118,2024-02-06,,SP
p-3119,2024-02-06,,MG
p-3120,2024-02-07,,MG
p-3121,2024-02-07,,MG
p-3122,2024-02-07,,SP
p-3123,2024-02-07,,MG
p-3124,2024-02-07,,MG
p-3125,2024-02-07,,RJ
p-3126,2024-02-07,,MG
p-3127,2024-02-07,,RJ
p-3128,2024-02-07,,MG
p-3129,2024-02-07,,ES
p-3130,2024-02-08,,SP
p-3131,2024-02-08,,SP
p-3132,2024-02-08,,SP
p-3133,2024-02-08,,SP
p-3134,2024-02-08,,RJ
p-3135,2024-02-08,,MG
p-3136,2024-02-09,,SP
p-3137,2024-02-09,,SP
p-3138,2024-02-09,,SP
p-3139,2024-02-09,,ES
p-3140,2024-02-10,,SP
p-3141,2024-02-10,,MG
p-3142,2024-02-10,,MG
p-3143,2024-02-10,,ES
p-3144,2024-02-10,,ES
p-3145,2024-02-10,,ES
p-3146,2024-02-11,,MG
p-3147,2024-02-11,,SP
p-3148,2024-02-11,,SP
p-3149,2024-02-11,,ES
p-3150,2024-02-11,,ES
p-3151,2024-02-12,,MG
p-3152,2024-02-12,,ES
p-3153,2024-02-12,,ES
p-3154,2024-02-12,,ES
p-3155,2024-02-12,,MG
p-3156,2024-02-13,,SP
p-3157,2024-02-13,,SP
p-3158,2024-02-13,,SP
p-3159,2024-02-13,,SP
p-3160,2024-02-13,,SP
p-3161,2024-02-13,,SP
p-3162,2024-02-13,,RJ
p-3163,2024-02-13,,ES
p-3164,2024-02-13,,SP
p-3165,2024-02-13,,ES
p-3166,2024-02-13,,ES
p-3167,2024-02-14,,SP
p-3168,2024-02-14,,MG
p-3169,2024-02-14,,SP
p-3170,2024-02-14,,ES
p-3171,2024-02-14,,RJ
p-3172,2024-02-14,,ES
p-3173,2024-02-14,,ES
p-3174,2024-02-14,,ES
p-3175,2024-02-15,,SP
p-3176,2024-02-15,,RJ
p-3177,2024-02-15,,MG
p-3178,2024-02-15,,MG
p-3179,2024-02-15,,MG
p-3180,2024-02-15,,MG
p-3181,2024-02-15,,ES
p-3182,2024-02-15,,ES
p-3183,2024-02-16,,SP
p-3184,2024-02-16,,SP
p-3185,2024-02-16,,SP
p-3186,2024-02-16,,SP
p-3187,2024-02-16,,SP
p-3188,2024-02-16,,SP
p-3189,2024-02-16,,SP
p-3190,2024-02-16,,SP
p-3191,2024-02-16,,SP
p-3192,2024-02-16,,MG
p-3193,2024-02-16,,ES
p-3194,2024-02-17,,SP
p-3195,2024-02-17,,SP
p-3196,2024-02-17,,MG
p-3197,2024-02-17,,RJ
p-3198,2024-02-17,,MG
p-3199,2024-02-17,,RJ
p-3200,2024-02-17,,ES
p-3201,2024-02-18,,MG
p-3202,2024-02-18,,SP
p-3203,2024-02-18,,RJ
p-3204,2024-02-18,,SP
p-3205,2024-02-18,,SP
p-3206,2024-02-18,,SP
p-3207,2024-02-18,,MG
p-3208,2024-02-18,,SP
p-3209,2024-02-18,,RJ
p-3210,2024-02-18,,MG
p-3211,2024-02-18,,ES
p-3212,2024-02-19,,RJ
p-3213,2024-02-19,,MG
p-3214,2024-02-19,,ES
p-3215,2024-02-20,,SP
p-3216,2024-02-20,,RJ
p-3217,2024-02-20,,MG
p-3218,2024-02-20,,MG
p-3219,2024-02-20,,MG
p-3220,2024-02-20,,SP
p-3221,2024-02-20,,MG
p-3222,2024-02-20,,RJ
p-3223,2024-02-20,,ES
p-3224,2024-02-21,,SP
p-3225,2024-02-21,,MG
p-3226,2024-02-21,,SP
p-3227,2024-02-21,,ES
p-3228,2024-02-22,,SP
p-3229,2024-02-22,,SP
p-3230,2024-02-22,,SP
p-3231,2024-02-22,,SP
p-3232,2024-02-22,,SP
p-3233,2024-02-22,,MG
p-3234,2024-02-22,,SP
p-3235,2024-02-22,,MG
p-3236,2024-02-22,,ES
p-3237,2024-02-22,,RJ
p-3238,2024-02-23,,SP
p-3239,2024-02-23,,SP
p-3240,2024-02-23,,MG
p-3241,2024-02-23,,SP
p-3242,2024-02-23,,SP
p-3243,2024-02-23,,MG
p-3244,2024-02-23,,MG
p-3245,2024-02-24,,SP
p-3246,2024-02-24,,SP
p-3247,2024-02-24,,SP
p-3248,2024-02-24,,SP
p-3249,2024-02-24,,RJ
p-3250,2024-02-24,,RJ
p-3251,2024-02-24,,RJ
p-3252,2024-02-25,,SP
p-3253,2024-02-25,,SP
p-3254,2024-02-25,,RJ
p-3255,2024-02-25,,MG
p-3256,2024-02-25,,MG
p-3257,2024-02-26,,SP
p-3258,2024-02-26,,SP
p-3259,2024-02-26,,SP
p-3260,2024-02-26,,SP
p-3261,2024-02-26,,MG
p-3262,2024-02-26,,MG
p-3263,2024-02-26,,ES
p-3264,2024-02-27,,SP
p-3265,2024-02-27,,SP
p-3266,2024-02-27,,SP
p-3267,2024-02-27,,SP
p-3268,2024-02-27,,MG
p-3269,2024-02-27,,MG
p-3270,2024-02-28,,SP
p-3271,2024-02-28,,RJ
p-3272,2024-02-28,,SP
p-3273,2024-02-28,,SP
p-3274,2024-02-28,,ES
p-3275,2024-02-28,,SP
p-3276,2024-02-28,,MG
p-3277,2024-02-29,,SP
p-3278,2024-02-29,,SP
p-3279,2024-02-29,,SP
p-3280,2024-02-29,,SP
p-3281,2024-02-29,,SP
p-3282,2024-02-29,,SP
p-3283,2024-03-01,,SP
p-3284,2024-03-01,,MG
p-3285,2024-03-01,,SP
p-3286,2024-03-01,,SP
p-3287,2024-03-01,,SP
p-3288,2024-03-01,,RJ
p-3289,2024-03-01,,MG
p-3290,2024-03-01,,MG
p-3291,2024-03-01,,ES
p-3292,2024-03-01,,RJ
p-3293,2024-03-02,,SP
p-3294,2024-03-02,,SP
p-3295,2024-03-02,,SP
p-3296,2024-03-02,,RJ
p-3297,2024-03-02,,MG
p-3298,2024-03-02,,ES
p-3299,2024-03-02,,RJ
p-3300,2024-03-02,,RJ
p-3301,2024-03-03,,SP
p-3302,2024-03-03,,SP
p-3303,2024-03-03,,RJ
p-3304,2024-03-03,,MG
p-3305,2024-03-03,,MG
p-3306,2024-03-03,,MG
p-3307,2024-03-03,,RJ
p-3308,2024-03-04,,SP
p-3309,2024-03-04,,SP
p-3310,2024-03-04,,MG
p-3311,2024-03-04,,SP
p-3312,2024-03-04,,SP
p-3313,2024-03-04,,SP
p-3314,2024-03-04,,SP
p-3315,2024-03-04,,MG
p-3316,2024-03-04,,MG
p-3317,2024-03-05,,MG
p-3318,2024-03-05,,RJ
p-3319,2024-03-05,,MG
p-3320,2024-03-05,,MG
p-3321,2024-03-05,,MG
p-3322,2024-03-05,,RJ
p-3323,2024-03-05,,RJ
p-3324,2024-03-05,,ES
p-3325,2024-03-06,,SP
p-3326,2024-03-06,,SP
p-3327,2024-03-06,,SP
p-3328,2024-03-06,,MG
p-3329,2024-03-06,,SP
p-3330,2024-03-06,,MG
p-3331,2024-03-06,,MG
p-3332,2024-03-06,,RJ
p-3333,2024-03-06,,ES
p-3334,2024-03-07,,SP
p-3335,2024-03-07,,SP
p-3336,2024-03-07,,MG
p-3337,2024-03-07,,MG
p-3338,2024-03-07,,ES
p-3339,2024-03-07,,ES
p-3340,2024-03-08,,SP
p-3341,2024-03-08,,SP
p-3342,2024-03-08,,MG
p-3343,2024-03-08,,ES
p-3344,2024-03-08,,RJ
p-3345,2024-03-09,,SP
p-3346,2024-03-09,,SP
p-3347,2024-03-09,,ES
p-3348,2024-03-09,,SP
p-3349,2024-03-09,,SP
p-3350,2024-03-09,,RJ
p-3351,2024-03-09,,RJ
p-3352,2024-03-09,,ES
p-3353,2024-03-10,,MG
p-3354,2024-03-10,,SP
p-3355,2024-03-10,,RJ
p-3356,2024-03-10,,SP
p-3357,2024-03-10,,SP
p-3358,2024-03-10,,RJ
p-3359,2024-03-10,,RJ
p-3360,2024-03-10,,ES
p-3361,2024-03-11,,SP
p-3362,2024-03-11,,SP
p-3363,2024-03-11,,SP
p-3364,2024-03-11,,MG
p-3365,2024-03-11,,RJ
p-3366,2024-03-11,,ES
p-3367,2024-03-11,,RJ
p-3368,2024-03-12,,SP
p-3369,2024-03-12,,SP
p-3370,2024-03-12,,MG
p-3371,2024-03-12,,SP
p-3372,2024-03-12,,MG
p-3373,2024-03-12,,SP
p-3374,2024-03-12,,SP
p-3375,2024-03-12,,ES
p-3376,2024-03-13,,MG
p-3377,2024-03-13,,MG
p-3378,2024-03-13,,SP
p-3379,2024-03-13,,MG
p-3380,2024-03-13,,SP
p-3381,2024-03-13,,ES
p-3382,2024-03-13,,RJ
p-3383,2024-03-14,,SP
p-3384,2024-03-14,,MG
p-3385,2024-03-14,,RJ
p-3386,2024-03-14,,SP
p-3387,2024-03-14,,RJ
p-3388,2024-03-15,,MG
p-3389,2024-03-15,,MG
p-3390,2024-03-15,,RJ
p-3391,2024-03-15,,MG
p-3392,2024-03-15,,ES
p-3393,2024-03-15,,ES
p-3394,2024-03-16,,SP
p-3395,2024-03-16,,SP
p-3396,2024-03-16,,MG
p-3397,2024-03-16,,RJ
p-3398,2024-03-16,,SP
p-3399,2024-03-16,,SP
p-3400,2024-03-16,,MG
p-3401,2024-03-16,,SP
p-3402,2024-03-16,,MG
p-3403,2024-03-16,,SP
p-3404,2024-03-17,,SP
p-3405,2024-03-17,,MG
p-3406,2024-03-17,,SP
p-3407,2024-03-17,,ES
p-3408,2024-03-17,,RJ
p-3409,2024-03-17,,ES
p-3410,2024-03-18,,MG
p-3411,2024-03-18,,SP
p-3412,2024-03-18,,RJ
p-3413,2024-03-18,,SP
p-3414,2024-03-18,,MG
p-3415,2024-03-18,,RJ
p-3416,2024-03-18,,ES
p-3417,2024-03-18,,ES
p-3418,2024-03-19,,SP
p-3419,2024-03-19,,SP
p-3420,2024-03-19,,SP
p-3421,2024-03-19,,SP
p-3422,2024-03-19,,SP
p-3423,2024-03-19,,MG
p-3424,2024-03-19,,MG
p-3425,2024-03-19,,RJ
p-3426,2024-03-19,,RJ
p-3427,2024-03-19,,RJ
p-3428,2024-03-19,,RJ
p-3429,2024-03-20,,SP
p-3430,2024-03-20,,SP
p-3431,2024-03-20,,MG
p-3432,2024-03-20,,SP
p-3433,2024-03-20,,SP
p-3434,2024-03-20,,MG
p-3435,2024-03-20,,MG
p-3436,2024-03-20,,RJ
p-3437,2024-03-20,,MG
p-3438,2024-03-20,,RJ
p-3439,2024-03-21,,SP
p-3440,2024-03-21,,SP
p-3441,2024-03-21,,SP
p-3442,2024-03-21,,RJ
p-3443,2024-03-21,,SP
p-3444,2024-03-21,,RJ
p-3445,2024-03-21,,ES
p-3446,2024-03-21,,MG
p-3447,2024-03-21,,RJ
p-3448,2024-03-22,,SP
p-3449,2024-03-22,,SP
p-3450,2024-03-22,,SP
p-3451,2024-03-22,,SP
p-3452,2024-03-22,,SP
p-3453,2024-03-22,,MG
p-3454,2024-03-22,,SP
p-3455,2024-03-22,,MG
p-3456,2024-03-22,,SP
p-3457,2024-03-23,,RJ
p-3458,2024-03-23,,ES
p-3459,2024-03-23,,RJ
p-3460,2024-03-23,,MG
p-3461,2024-03-23,,MG
p-3462,2024-03-24,,SP
p-3463,2024-03-24,,MG
p-3464,2024-03-24,,SP
p-3465,2024-03-24,,RJ
p-3466,2024-03-24,,ES
p-3467,2024-03-24,,ES
p-3468,2024-03-25,,MG
p-3469,2024-03-25,,SP
p-3470,2024-03-25,,SP
p-3471,2024-03-25,,SP
p-3472,2024-03-25,,SP
p-3473,2024-03-25,,RJ
p-3474,2024-03-25,,MG
p-3475,2024-03-25,,MG
p-3476,2024-03-25,,MG
p-3477,2024-03-25,,ES
p-3478,2024-03-26,,ES
p-3479,2024-03-27,,SP
p-3480,2024-03-27,,SP
p-3481,2024-03-27,,MG
p-3482,2024-03-27,,ES
p-3483,2024-03-27,,MG
p-3484,2024-03-28,,SP
p-3485,2024-03-28,,MG
p-3486,2024-03-28,,SP
p-3487,2024-03-28,,SP
p-3488,2024-03-28,,RJ
p-3489,2024-03-28,,RJ
p-3490,2024-03-28,,ES
p-3491,2024-03-29,,SP
p-3492,2024-03-29,,SP
p-3493,2024-03-29,,SP
p-3494,2024-03-29,,SP
p-3495,2024-03-29,,MG
p-3496,2024-03-29,,SP
p-3497,2024-03-29,,MG
p-3498,2024-03-29,,MG
p-3499,2024-03-29,,RJ
p-3500,2024-03-30,,MG
p-3501,2024-03-30,,SP
p-3502,2024-03-30,,SP
p-3503,2024-03-30,,MG
p-3504,2024-03-30,,SP
p-3505,2024-03-30,,RJ
p-3506,2024-03-30,,MG
p-3507,2024-03-31,,SP
p-3508,2024-03-31,,SP
p-3509,2024-03-31,,SP
p-3510,2024-03-31,,SP
p-3511,2024-03-31,,RJ
p-3512,2024-03-31,,RJ
p-3513,2024-03-31,,MG
p-3514,2024-03-31,,SP
p-3515,2024-03-31,,ES
p-3516,2024-04-01,,SP
p-3517,2024-04-01,,SP
p-3518,2024-04-01,,SP
p-3519,2024-04-01,,SP
p-3520,2024-04-01,,SP
p-3521,2024-04-02,,SP
p-3522,2024-04-02,,SP
p-3523,2024-04-02,,SP
p-3524,2024-04-02,,MG
p-3525,2024-04-02,,MG
p-3526,2024-04-02,,MG
p-3527,2024-04-02,,RJ
p-3528,2024-04-02,,RJ
p-3529,2024-04-03,,SP
p-3530,2024-04-03,,SP
p-3531,2024-04-03,,SP
p-3532,2024-04-03,,MG
p-3533,2024-04-03,,MG
p-3534,2024-04-03,,MG
p-3535,2024-04-04,,SP
p-3536,2024-04-04,,SP
p-3537,2024-04-04,,ES
p-3538,2024-04-05,,SP
p-3539,2024-04-05,,RJ
p-3540,2024-04-05,,RJ
p-3541,2024-04-06,,MG
p-3542,2024-04-06,,MG
p-3543,2024-04-06,,SP
p-3544,2024-04-06,,RJ
p-3545,2024-04-06,,ES
p-3546,2024-04-06,,ES
p-3547,2024-04-06,,ES
p-3548,2024-04-06,,ES
p-3549,2024-04-07,,RJ
p-3550,2024-04-07,,SP
p-3551,2024-04-07,,SP
p-3552,2024-04-07,,RJ
p-3553,2024-04-07,,SP
p-3554,2024-04-07,,RJ
p-3555,2024-04-07,,ES
p-3556,2024-04-08,,SP
p-3557,2024-04-08,,SP
p-3558,2024-04-08,,SP
p-3559,2024-04-08,,MG
p-3560,2024-04-08,,SP
p-3561,2024-04-08,,ES
p-3562,2024-04-09,,SP
p-3563,2024-04-09,,SP
p-3564,2024-04-09,,SP
p-3565,2024-04-09,,MG
p-3566,2024-04-09,,SP
p-3567,2024-04-09,,SP
p-3568,2024-04-09,,RJ
p-3569,2024-04-09,,RJ
p-3570,2024-04-09,,MG
p-3571,2024-04-09,,MG
p-3572,2024-04-09,,MG
p-3573,2024-04-09,,ES
p-3574,2024-04-10,,MG
p-3575,2024-04-10,,SP
p-3576,2024-04-10,,MG
p-3577,2024-04-10,,MG
p-3578,2024-04-10,,RJ
p-3579,2024-04-11,,SP
p-3580,2024-04-11,,RJ
p-3581,2024-04-11,,SP
p-3582,2024-04-12,,RJ
p-3583,2024-04-12,,SP
p-3584,2024-04-12,,RJ
p-3585,2024-04-13,,RJ
p-3586,2024-04-13,,SP
p-3587,2024-04-13,,SP
p-3588,2024-04-13,,ES
p-3589,2024-04-13,,MG
p-3590,2024-04-14,,MG
p-3591,2024-04-15,,SP
p-3592,2024-04-15,,SP
p-3593,2024-04-16,,RJ
p-3594,2024-04-16,,MG
p-3595,2024-04-16,,MG
p-3596,2024-04-16,,MG
p-3597,2024-04-17,,MG
p-3598,2024-04-17,,MG
p-3599,2024-04-17,,SP
p-3600,2024-04-17,,SP
p-3601,2024-04-17,,SP
p-3602,2024-04-17,,MG
p-3603,2024-04-17,,MG
p-3604,2024-04-18,,SP
p-3605,2024-04-19,,MG
p-3606,2024-04-19,,ES
p-3607,2024-04-20,,RJ
p-3608,2024-04-20,,SP
p-3609,2024-04-20,,SP
p-3610,2024-04-20,,SP
p-3611,2024-04-20,,MG
p-3612,2024-04-20,,SP
p-3613,2024-04-20,,ES
p-3614,2024-04-20,,MG
p-3615,2024-04-21,,SP
p-3616,2024-04-21,,MG
p-3617,2024-04-21,,MG
p-3618,2024-04-21,,MG
p-3619,2024-04-21,,SP
p-3620,2024-04-21,,RJ
p-3621,2024-04-22,,SP
p-3622,2024-04-22,,MG
p-3623,2024-04-22,,RJ
p-3624,2024-04-22,,SP
p-3625,2024-04-22,,ES
p-3626,2024-04-23,,SP
p-3627,2024-04-23,,SP
p-3628,2024-04-23,,SP
p-3629,2024-04-23,,MG
p-3630,2024-04-23,,MG
p-3631,2024-04-24,,SP
p-3632,2024-04-24,,SP
p-3633,2024-04-24,,MG
p-3634,2024-04-24,,ES
p-3635,2024-04-24,,MG
p-3636,2024-04-24,,RJ
p-3637,2024-04-24,,RJ
p-3638,2024-04-25,,SP
p-3639,2024-04-25,,ES
p-3640,2024-04-25,,MG
p-3641,2024-04-25,,MG
p-3642,2024-04-25,,ES
p-3643,2024-04-26,,SP
p-3644,2024-04-26,,MG
p-3645,2024-04-26,,RJ
p-3646,2024-04-26,,SP
p-3647,2024-04-26,,ES
p-3648,2024-04-26,,MG
p-3649,2024-04-27,,SP
p-3650,2024-04-27,,SP
p-3651,2024-04-27,,SP
p-3652,2024-04-27,,SP
p-3653,2024-04-27,,ES
p-3654,2024-04-27,,MG
p-3655,2024-04-27,,RJ
p-3656,2024-04-28,,SP
p-3657,2024-04-28,,SP
p-3658,2024-04-28,,RJ
p-3659,2024-04-28,,SP
p-3660,2024-04-28,,ES
p-3661,2024-04-29,,SP
p-3662,2024-04-29,,SP
p-3663,2024-04-30,,SP
p-3664,2024-04-30,,SP
p-3665,2024-04-30,,MG
p-3666,2024-05-01,,SP
p-3667,2024-05-01,,MG
p-3668,2024-05-01,,MG
p-3669,2024-05-01,,MG
p-3670,2024-05-01,,RJ
p-3671,2024-05-01,,MG
p-3672,2024-05-01,,RJ
p-3673,2024-05-02,,SP
p-3674,2024-05-02,,SP
p-3675,2024-05-02,,ES
p-3676,2024-05-02,,ES
p-3677,2024-05-03,,MG
p-3678,2024-05-03,,SP
p-3679,2024-05-03,,MG
p-3680,2024-05-03,,ES
p-3681,2024-05-04,,SP
p-3682,2024-05-04,,SP
p-3683,2024-05-04,,RJ
p-3684,2024-05-04,,ES
p-3685,2024-05-05,,MG
p-3686,2024-05-05,,SP
p-3687,2024-05-05,,SP
p-3688,2024-05-05,,MG
p-3689,2024-05-05,,RJ
p-3690,2024-05-05,,ES
p-3691,2024-05-06,,SP
p-3692,2024-05-06,,SP
p-3693,2024-05-06,,ES
p-3694,2024-05-06,,RJ
p-3695,2024-05-06,,MG
p-3696,2024-05-06,,MG
p-3697,2024-05-06,,MG
p-3698,2024-05-06,,RJ
p-3699,2024-05-06,,MG
p-3700,2024-05-06,,RJ
p-3701,2024-05-07,,MG
p-3702,2024-05-07,,RJ
p-3703,2024-05-07,,MG
p-3704,2024-05-08,,MG
p-3705,2024-05-08,,MG
p-3706,2024-05-08,,MG
p-3707,2024-05-08,,RJ
p-3708,2024-05-08,,SP
p-3709,2024-05-08,,SP
p-3710,2024-05-08,,SP
p-3711,2024-05-08,,ES
p-3712,2024-05-08,,MG
p-3713,2024-05-08,,RJ
p-3714,2024-05-08,,RJ
p-3715,2024-05-08,,RJ
p-3716,2024-05-09,,SP
p-3717,2024-05-09,,SP
p-3718,2024-05-09,,SP
p-3719,2024-05-09,,SP
p-3720,2024-05-09,,SP
p-3721,2024-05-09,,MG
p-3722,2024-05-09,,MG
p-3723,2024-05-10,,SP
p-3724,2024-05-10,,SP
p-3725,2024-05-10,,ES
p-3726,2024-05-10,,MG
p-3727,2024-05-10,,SP
p-3728,2024-05-11,,MG
p-3729,2024-05-11,,SP
p-3730,2024-05-11,,SP
p-3731,2024-05-11,,SP
p-3732,2024-05-11,,SP
p-3733,2024-05-11,,MG
p-3734,2024-05-11,,MG
p-3735,2024-05-11,,MG
p-3736,2024-05-11,,RJ
p-3737,2024-05-11,,ES
p-3738,2024-05-12,,SP
p-3739,2024-05-12,,SP
p-3740,2024-05-12,,SP
p-3741,2024-05-12,,RJ
p-3742,2024-05-12,,SP
p-3743,2024-05-12,,RJ
p-3744,2024-05-13,,SP
p-3745,2024-05-13,,SP
p-3746,2024-05-13,,SP
p-3747,2024-05-13,,RJ
p-3748,2024-05-13,,ES
p-3749,2024-05-13,,SP
p-3750,2024-05-13,,SP
p-3751,2024-05-13,,RJ
p-3752,2024-05-13,,ES
p-3753,2024-05-14,,SP
p-3754,2024-05-14,,MG
p-3755,2024-05-14,,MG
p-3756,2024-05-14,,SP
p-3757,2024-05-15,,SP
p-3758,2024-05-15,,SP
p-3759,2024-05-15,,SP
p-3760,2024-05-15,,ES
p-3761,2024-05-15,,MG
p-3762,2024-05-15,,SP
p-3763,2024-05-15,,SP
p-3764,2024-05-15,,SP
p-3765,2024-05-15,,RJ
p-3766,2024-05-16,,SP
p-3767,2024-05-16,,SP
p-3768,2024-05-16,,SP
p-3769,2024-05-16,,SP
p-3770,2024-05-16,,SP
p-3771,2024-05-16,,MG
p-3772,2024-05-16,,MG
p-3773,2024-05-16,,RJ
p-3774,2024-05-16,,ES
p-3775,2024-05-17,,MG
p-3776,2024-05-17,,MG
p-3777,2024-05-17,,MG
p-3778,2024-05-17,,MG
p-3779,2024-05-17,,ES
p-3780,2024-05-17,,SP
p-3781,2024-05-17,,ES
p-3782,2024-05-17,,MG
p-3783,2024-05-17,,ES
p-3784,2024-05-18,,MG
p-3785,2024-05-18,,MG
p-3786,2024-05-18,,SP
p-3787,2024-05-18,,ES
p-3788,2024-05-18,,MG
p-3789,2024-05-18,,MG
p-3790,2024-05-18,,MG
p-3791,2024-05-18,,MG
p-3792,2024-05-18,,RJ
p-3793,2024-05-19,,SP
p-3794,2024-05-19,,SP
p-3795,2024-05-19,,SP
p-3796,2024-05-19,,SP
p-3797,2024-05-19,,MG
p-3798,2024-05-19,,SP
p-3799,2024-05-19,,MG
p-3800,2024-05-20,,MG
p-3801,2024-05-20,,MG
p-3802,2024-05-20,,MG
p-3803,2024-05-20,,SP
p-3804,2024-05-20,,RJ
p-3805,2024-05-20,,ES
p-3806,2024-05-21,,SP
p-3807,2024-05-21,,SP
p-3808,2024-05-21,,SP
p-3809,2024-05-21,,SP
p-3810,2024-05-21,,MG
p-3811,2024-05-21,,MG
p-3812,2024-05-21,,RJ
p-3813,2024-05-21,,SP
p-3814,2024-05-21,,ES
p-3815,2024-05-22,,SP
p-3816,2024-05-22,,SP
p-3817,2024-05-22,,SP
p-3818,2024-05-22,,MG
p-3819,2024-05-22,,SP
p-3820,2024-05-22,,MG
p-3821,2024-05-22,,MG
p-3822,2024-05-22,,MG
p-3823,2024-05-22,,MG
p-3824,2024-05-22,,SP
p-3825,2024-05-22,,ES
p-3826,2024-05-22,,ES
p-3827,2024-05-23,,SP
p-3828,2024-05-23,,MG
p-3829,2024-05-23,,MG
p-3830,2024-05-23,,RJ
p-3831,2024-05-23,,RJ
p-3832,2024-05-23,,MG
p-3833,2024-05-23,,RJ
p-3834,2024-05-24,,SP
p-3835,2024-05-24,,SP
p-3836,2024-05-24,,MG
p-3837,2024-05-24,,MG
p-3838,2024-05-24,,RJ
p-3839,2024-05-25,,RJ
p-3840,2024-05-25,,MG
p-3841,2024-05-25,,MG
p-3842,2024-05-25,,RJ
p-3843,2024-05-25,,MG
p-3844,2024-05-25,,SP
p-3845,2024-05-25,,RJ
p-3846,2024-05-25,,ES
p-3847,2024-05-26,,SP
p-3848,2024-05-26,,SP
p-3849,2024-05-26,,SP
p-3850,2024-05-26,,RJ
p-3851,2024-05-26,,MG
p-3852,2024-05-26,,MG
p-3853,2024-05-26,,RJ
p-3854,2024-05-26,,SP
p-3855,2024-05-26,,RJ
p-3856,2024-05-26,,MG
p-3857,2024-05-27,,SP
p-3858,2024-05-27,,SP
p-3859,2024-05-27,,MG
p-3860,2024-05-27,,RJ
p-3861,2024-05-27,,RJ
p-3862,2024-05-27,,MG
p-3863,2024-05-27,,ES
p-3864,2024-05-28,,SP
p-3865,2024-05-28,,SP
p-3866,2024-05-28,,SP
p-3867,2024-05-28,,SP
p-3868,2024-05-28,,SP
p-3869,2024-05-28,,SP
p-3870,2024-05-28,,SP
p-3871,2024-05-28,,ES
p-3872,2024-05-28,,RJ
p-3873,2024-05-28,,RJ
p-3874,2024-05-28,,RJ
p-3875,2024-05-29,,SP
p-3876,2024-05-29,,SP
p-3877,2024-05-29,,MG
p-3878,2024-05-29,,SP
p-3879,2024-05-29,,SP
p-3880,2024-05-29,,SP
p-3881,2024-05-29,,ES
p-3882,2024-05-29,,MG
p-3883,2024-05-30,,SP
p-3884,2024-05-30,,RJ
p-3885,2024-05-30,,SP
p-3886,2024-05-30,,RJ
p-3887,2024-05-30,,SP
p-3888,2024-05-30,,MG
p-3889,2024-05-30,,MG
p-3890,2024-05-30,,MG
p-3891,2024-05-31,,MG
p-3892,2024-05-31,,SP
p-3893,2024-05-31,,SP
p-3894,2024-05-31,,SP
p-3895,2024-05-31,,SP
p-3896,2024-05-31,,ES
p-3897,2024-05-31,,RJ
p-3898,2024-05-31,,MG
p-3899,2024-05-31,,RJ
p-3900,2024-05-31,,ES
p-3901,2024-06-01,,SP
p-3902,2024-06-01,,MG
p-3903,2024-06-01,,SP
p-3904,2024-06-01,,MG
p-3905,2024-06-01,,RJ
p-3906,2024-06-01,,ES
p-3907,2024-06-01,,ES
p-3908,2024-06-02,,SP
p-3909,2024-06-02,,MG
p-3910,2024-06-02,,ES
p-3911,2024-06-02,,ES
p-3912,2024-06-03,,SP
p-3913,2024-06-03,,MG
p-3914,2024-06-03,,MG
p-3915,2024-06-03,,RJ
p-3916,2024-06-03,,ES
p-3917,2024-06-04,,SP
p-3918,2024-06-04,,MG
p-3919,2024-06-04,,MG
p-3920,2024-06-04,,MG
p-3921,2024-06-04,,MG
p-3922,2024-06-04,,ES
p-3923,2024-06-04,,ES
p-3924,2024-06-05,,SP
p-3925,2024-06-05,,SP
p-3926,2024-06-05,,SP
p-3927,2024-06-05,,SP
p-3928,2024-06-05,,SP
p-3929,2024-06-05,,ES
p-3930,2024-06-05,,SP
p-3931,2024-06-05,,MG
p-3932,2024-06-05,,MG
p-3933,2024-06-05,,RJ
p-3934,2024-06-05,,MG
p-3935,2024-06-05,,RJ
p-3936,2024-06-06,,SP
p-3937,2024-06-06,,SP
p-3938,2024-06-06,,ES
p-3939,2024-06-06,,RJ
p-3940,2024-06-06,,SP
p-3941,2024-06-06,,MG
p-3942,2024-06-06,,MG
p-3943,2024-06-06,,MG
p-3944,2024-06-06,,RJ
p-3945,2024-06-06,,ES
p-3946,2024-06-06,,ES
p-3947,2024-06-07,,MG
p-3948,2024-06-07,,SP
p-3949,2024-06-07,,RJ
p-3950,2024-06-07,,MG
p-3951,2024-06-07,,ES
p-3952,2024-06-08,,MG
p-3953,2024-06-08,,SP
p-3954,2024-06-08,,SP
p-3955,2024-06-08,,SP
p-3956,2024-06-08,,SP
p-3957,2024-06-08,,MG
p-3958,2024-06-08,,MG
p-3959,2024-06-08,,ES
p-3960,2024-06-09,,SP
p-3961,2024-06-09,,SP
p-3962,2024-06-09,,MG
p-3963,2024-06-09,,MG
p-3964,2024-06-10,,MG
p-3965,2024-06-10,,SP
p-3966,2024-06-10,,RJ
p-3967,2024-06-10,,ES
p-3968,2024-06-10,,SP
p-3969,2024-06-10,,MG
p-3970,2024-06-10,,MG
p-3971,2024-06-10,,ES
p-3972,2024-06-11,,SP
p-3973,2024-06-11,,MG
p-3974,2024-06-11,,SP
p-3975,2024-06-11,,MG
p-3976,2024-06-11,,MG
p-3977,2024-06-11,,ES
p-3978,2024-06-11,,ES
p-3979,2024-06-12,,SP
p-3980,2024-06-12,,RJ
p-3981,2024-06-12,,MG
p-3982,2024-06-12,,SP
p-3983,2024-06-12,,MG
p-3984,2024-06-12,,ES
p-3985,2024-06-12,,RJ
p-3986,2024-06-12,,RJ
p-3987,2024-06-13,,SP
p-3988,2024-06-13,,RJ
p-3989,2024-06-13,,MG
p-3990,2024-06-13,,MG
p-3991,2024-06-13,,SP
p-3992,2024-06-13,,SP
p-3993,2024-06-14,,SP
p-3994,2024-06-14,,MG
p-3995,2024-06-14,,SP
p-3996,2024-06-14,,RJ
p-3997,2024-06-14,,SP
p-3998,2024-06-14,,MG
p-3999,2024-06-15,,SP
p-4000,2024-06-15,,SP
p-4001,2024-06-15,,MG
p-4002,2024-06-15,,SP
p-4003,2024-06-15,,ES
p-4004,2024-06-15,,RJ
p-4005,2024-06-16,,SP
p-4006,2024-06-16,,SP
p-4007,2024-06-16,,RJ
p-4008,2024-06-16,,SP
p-4009,2024-06-16,,SP
p-4010,2024-06-16,,RJ
p-4011,2024-06-16,,MG
p-4012,2024-06-16,,SP
p-4013,2024-06-16,,SP
p-4014,2024-06-16,,MG
p-4015,2024-06-16,,RJ
p-4016,2024-06-17,,SP
p-4017,2024-06-17,,SP
p-4018,2024-06-17,,ES
p-4019,2024-06-17,,SP
p-4020,2024-06-17,,ES
p-4021,2024-06-17,,MG
p-4022,2024-06-17,,ES
p-4023,2024-06-18,,SP
p-4024,2024-06-18,,SP
p-4025,2024-06-18,,SP
p-4026,2024-06-18,,MG
p-4027,2024-06-18,,MG
p-4028,2024-06-18,,SP
p-4029,2024-06-18,,SP
p-4030,2024-06-18,,ES
p-4031,2024-06-19,,MG
p-4032,2024-06-19,,SP
p-4033,2024-06-19,,SP
p-4034,2024-06-19,,SP
p-4035,2024-06-19,,MG
p-4036,2024-06-19,,MG
p-4037,2024-06-19,,ES
p-4038,2024-06-20,,SP
p-4039,2024-06-20,,SP
p-4040,2024-06-20,,SP
p-4041,2024-06-20,,SP
p-4042,2024-06-20,,ES
p-4043,2024-06-20,,SP
p-4044,2024-06-20,,RJ
p-4045,2024-06-20,,RJ
p-4046,2024-06-21,,SP
p-4047,2024-06-21,,SP
p-4048,2024-06-21,,MG
p-4049,2024-06-22,,SP
p-4050,2024-06-22,,SP
p-4051,2024-06-22,,MG
p-4052,2024-06-22,,ES
p-4053,2024-06-22,,SP
p-4054,2024-06-22,,RJ
p-4055,2024-06-23,,SP
p-4056,2024-06-23,,SP
p-4057,2024-06-23,,SP
p-4058,2024-06-23,,SP
p-4059,2024-06-23,,SP
p-4060,2024-06-23,,SP
p-4061,2024-06-23,,MG
p-4062,2024-06-23,,SP
p-4063,2024-06-23,,SP
p-4064,2024-06-23,,SP
p-4065,2024-06-23,,RJ
p-4066,2024-06-23,,RJ
p-4067,2024-06-24,,MG
p-4068,2024-06-24,,SP
p-4069,2024-06-24,,SP
p-4070,2024-06-24,,SP
p-4071,2024-06-24,,MG
p-4072,2024-06-24,,MG
p-4073,2024-06-24,,MG
p-4074,2024-06-24,,MG
p-4075,2024-06-24,,RJ
p-4076,2024-06-24,,ES
p-4077,2024-06-25,,SP
p-4078,2024-06-25,,ES
p-4079,2024-06-25,,RJ
p-4080,2024-06-26,,SP
p-4081,2024-06-26,,ES
p-4082,2024-06-26,,SP
p-4083,2024-06-26,,SP
p-4084,2024-06-26,,MG
p-4085,2024-06-26,,ES
p-4086,2024-06-26,,RJ
p-4087,2024-06-26,,ES
p-4088,2024-06-27,,ES
p-4089,2024-06-27,,SP
p-4090,2024-06-27,,MG
p-4091,2024-06-27,,SP
p-4092,2024-06-27,,ES
p-4093,2024-06-27,,RJ
p-4094,2024-06-27,,ES
p-4095,2024-06-28,,SP
p-4096,2024-06-28,,MG
p-4097,2024-06-28,,MG
p-4098,2024-06-28,,MG
p-4099,2024-06-29,,SP
p-4100,2024-06-29,,SP
p-4101,2024-06-29,,MG
p-4102,2024-06-29,,MG
p-4103,2024-06-29,,RJ
p-4104,2024-06-30,,SP
p-4105,2024-06-30,,SP
p-4106,2024-06-30,,SP
p-4107,2024-06-30,,SP
p-4108,2024-06-30,,MG
p-4109,2024-06-30,,MG
p-4110,2024-06-30,,MG
p-4111,2024-06-30,,MG
p-4112,2024-06-30,,MG
p-4113,2024-06-30,,SP
p-4114,2024-06-30,,ES
p-4115,2024-07-01,,SP
p-4116,2024-07-01,,SP
p-4117,2024-07-01,,SP
p-4118,2024-07-01,,RJ
p-4119,2024-07-01,,MG
p-4120,2024-07-01,,MG
p-4121,2024-07-01,,ES
p-4122,2024-07-02,,SP
p-4123,2024-07-02,,SP
p-4124,2024-07-02,,SP
p-4125,2024-07-02,,RJ
p-4126,2024-07-02,,RJ
p-4127,2024-07-02,,RJ
p-4128,2024-07-02,,RJ
p-4129,2024-07-02,,ES
p-4130,2024-07-03,,MG
p-4131,2024-07-03,,SP
p-4132,2024-07-03,,SP
p-4133,2024-07-03,,RJ
p-4134,2024-07-03,,SP
p-4135,2024-07-03,,RJ
p-4136,2024-07-03,,MG
p-4137,2024-07-04,,SP
p-4138,2024-07-04,,RJ
p-4139,2024-07-05,,RJ
p-4140,2024-07-05,,SP
p-4141,2024-07-05,,MG
p-4142,2024-07-05,,RJ
p-4143,2024-07-05,,RJ
p-4144,2024-07-05,,MG
p-4145,2024-07-05,,MG
p-4146,2024-07-05,,SP
p-4147,2024-07-05,,MG
p-4148,2024-07-05,,SP
p-4149,2024-07-05,,ES
p-4150,2024-07-06,,SP
p-4151,2024-07-06,,SP
p-4152,2024-07-06,,MG
p-4153,2024-07-06,,MG
p-4154,2024-07-06,,SP
p-4155,2024-07-06,,MG
p-4156,2024-07-06,,RJ
p-4157,2024-07-06,,SP
p-4158,2024-07-06,,MG
p-4159,2024-07-07,,SP
p-4160,2024-07-07,,SP
p-4161,2024-07-07,,SP
p-4162,2024-07-07,,RJ
p-4163,2024-07-07,,ES
p-4164,2024-07-07,,SP
p-4165,2024-07-07,,MG
p-4166,2024-07-07,,SP
p-4167,2024-07-07,,SP
p-4168,2024-07-07,,SP
p-4169,2024-07-07,,ES
p-4170,2024-07-08,,SP
p-4171,2024-07-08,,SP
p-4172,2024-07-08,,SP
p-4173,2024-07-08,,SP
p-4174,2024-07-08,,MG
p-4175,2024-07-08,,MG
p-4176,2024-07-08,,ES
p-4177,2024-07-09,,RJ
p-4178,2024-07-09,,SP
p-4179,2024-07-09,,SP
p-4180,2024-07-09,,MG
p-4181,2024-07-09,,RJ
p-4182,2024-07-09,,SP
p-4183,2024-07-09,,RJ
p-4184,2024-07-09,,RJ
p-4185,2024-07-09,,SP
p-4186,2024-07-09,,ES
p-4187,2024-07-09,,RJ
p-4188,2024-07-10,,SP
p-4189,2024-07-10,,SP
p-4190,2024-07-10,,SP
p-4191,2024-07-10,,SP
p-4192,2024-07-10,,MG
p-4193,2024-07-10,,RJ
p-4194,2024-07-11,,SP
p-4195,2024-07-11,,MG
p-4196,2024-07-11,,SP
p-4197,2024-07-11,,MG
p-4198,2024-07-11,,RJ
p-4199,2024-07-11,,SP
p-4200,2024-07-11,,SP
p-4201,2024-07-11,,SP
p-4202,2024-07-11,,SP
p-4203,2024-07-11,,RJ
p-4204,2024-07-11,,RJ
p-4205,2024-07-12,,SP
p-4206,2024-07-12,,SP
p-4207,2024-07-12,,RJ
p-4208,2024-07-12,,SP
p-4209,2024-07-12,,RJ
p-4210,2024-07-12,,ES
p-4211,2024-07-12,,ES
p-4212,2024-07-13,,SP
p-4213,2024-07-13,,ES
p-4214,2024-07-14,,MG
p-4215,2024-07-14,,MG
p-4216,2024-07-14,,SP
p-4217,2024-07-14,,MG
p-4218,2024-07-14,,SP
p-4219,2024-07-14,,SP
p-4220,2024-07-14,,SP
p-4221,2024-07-14,,RJ
p-4222,2024-07-15,,SP
p-4223,2024-07-15,,SP
p-4224,2024-07-15,,MG
p-4225,2024-07-15,,SP
p-4226,2024-07-15,,SP
p-4227,2024-07-15,,SP
p-4228,2024-07-15,,MG
p-4229,2024-07-15,,RJ
p-4230,2024-07-15,,RJ
p-4231,2024-07-15,,ES
p-4232,2024-07-15,,ES
p-4233,2024-07-16,,SP
p-4234,2024-07-16,,RJ
p-4235,2024-07-16,,MG
p-4236,2024-07-16,,MG
p-4237,2024-07-16,,ES
p-4238,2024-07-16,,ES
p-4239,2024-07-17,,SP
p-4240,2024-07-17,,SP
p-4241,2024-07-17,,SP
p-4242,2024-07-17,,MG
p-4243,2024-07-17,,SP
p-4244,2024-07-17,,MG
p-4245,2024-07-17,,SP
p-4246,2024-07-17,,RJ
p-4247,2024-07-18,,SP
p-4248,2024-07-18,,SP
p-4249,2024-07-18,,SP
p-4250,2024-07-18,,RJ
p-4251,2024-07-18,,SP
p-4252,2024-07-18,,MG
p-4253,2024-07-18,,MG
p-4254,2024-07-18,,MG
p-4255,2024-07-18,,SP
p-4256,2024-07-18,,ES
p-4257,2024-07-19,,SP
p-4258,2024-07-19,,SP
p-4259,2024-07-19,,SP
p-4260,2024-07-19,,SP
p-4261,2024-07-19,,MG
p-4262,2024-07-19,,SP
p-4263,2024-07-19,,SP
p-4264,2024-07-19,,RJ
p-4265,2024-07-19,,SP
p-4266,2024-07-19,,RJ
p-4267,2024-07-20,,SP
p-4268,2024-07-20,,SP
p-4269,2024-07-20,,RJ
p-4270,2024-07-20,,SP
p-4271,2024-07-20,,MG
p-4272,2024-07-20,,MG
p-4273,2024-07-20,,SP
p-4274,2024-07-20,,SP
p-4275,2024-07-20,,MG
p-4276,2024-07-20,,RJ
p-4277,2024-07-20,,RJ
p-4278,2024-07-21,,SP
p-4279,2024-07-21,,MG
p-4280,2024-07-21,,MG
p-4281,2024-07-21,,SP
p-4282,2024-07-21,,ES
p-4283,2024-07-21,,MG
p-4284,2024-07-21,,MG
p-4285,2024-07-21,,MG
p-4286,2024-07-21,,MG
p-4287,2024-07-21,,MG
p-4288,2024-07-21,,RJ
p-4289,2024-07-21,,ES
p-4290,2024-07-22,,SP
p-4291,2024-07-22,,RJ
p-4292,2024-07-22,,MG
p-4293,2024-07-22,,MG
p-4294,2024-07-22,,RJ
p-4295,2024-07-22,,MG
p-4296,2024-07-22,,RJ
p-4297,2024-07-22,,MG
p-4298,2024-07-23,,MG
p-4299,2024-07-23,,SP
p-4300,2024-07-23,,MG
p-4301,2024-07-23,,MG
p-4302,2024-07-23,,ES
p-4303,2024-07-23,,MG
p-4304,2024-07-23,,ES
p-4305,2024-07-24,,SP
p-4306,2024-07-24,,SP
p-4307,2024-07-24,,SP
p-4308,2024-07-24,,SP
p-4309,2024-07-24,,MG
p-4310,2024-07-24,,SP
p-4311,2024-07-24,,ES
p-4312,2024-07-25,,RJ
p-4313,2024-07-25,,RJ
p-4314,2024-07-25,,RJ
p-4315,2024-07-25,,ES
p-4316,2024-07-25,,SP
p-4317,2024-07-25,,SP
p-4318,2024-07-25,,MG
p-4319,2024-07-25,,RJ
p-4320,2024-07-25,,ES
p-4321,2024-07-26,,SP
p-4322,2024-07-26,,SP
p-4323,2024-07-26,,MG
p-4324,2024-07-26,,SP
p-4325,2024-07-26,,SP
p-4326,2024-07-26,,ES
p-4327,2024-07-26,,SP
p-4328,2024-07-26,,SP
p-4329,2024-07-26,,SP
p-4330,2024-07-26,,MG
p-4331,2024-07-26,,RJ
p-4332,2024-07-26,,RJ
p-4333,2024-07-26,,RJ
p-4334,2024-07-27,,SP
p-4335,2024-07-27,,SP
p-4336,2024-07-27,,MG
p-4337,2024-07-27,,SP
p-4338,2024-07-27,,MG
p-4339,2024-07-27,,SP
p-4340,2024-07-27,,SP
p-4341,2024-07-27,,RJ
p-4342,2024-07-27,,MG
p-4343,2024-07-27,,RJ
p-4344,2024-07-27,,RJ
p-4345,2024-07-28,,SP
p-4346,2024-07-28,,MG
p-4347,2024-07-28,,RJ
p-4348,2024-07-28,,RJ
p-4349,2024-07-28,,ES
p-4350,2024-07-29,,MG
p-4351,2024-07-29,,MG
p-4352,2024-07-29,,MG
p-4353,2024-07-29,,RJ
p-4354,2024-07-29,,RJ
p-4355,2024-07-29,,ES
p-4356,2024-07-30,,SP
p-4357,2024-07-30,,MG
p-4358,2024-07-30,,RJ
p-4359,2024-07-30,,MG
p-4360,2024-07-31,,MG
p-4361,2024-07-31,,SP
p-4362,2024-07-31,,MG
p-4363,2024-07-31,,MG
p-4364,2024-07-31,,MG
p-4365,2024-08-01,,MG
p-4366,2024-08-01,,SP
p-4367,2024-08-01,,SP
p-4368,2024-08-01,,MG
p-4369,2024-08-01,,MG
p-4370,2024-08-01,,RJ
p-4371,2024-08-01,,RJ
p-4372,2024-08-01,,RJ
p-4373,2024-08-01,,RJ
p-4374,2024-08-02,,SP
p-4375,2024-08-02,,MG
p-4376,2024-08-02,,MG
p-4377,2024-08-02,,SP
p-4378,2024-08-02,,RJ
p-4379,2024-08-02,,SP
p-4380,2024-08-02,,RJ
p-4381,2024-08-02,,SP
p-4382,2024-08-02,,SP
p-4383,2024-08-02,,SP
p-4384,2024-08-02,,MG
p-4385,2024-08-02,,RJ
p-4386,2024-08-02,,ES
p-4387,2024-08-02,,ES
p-4388,2024-08-03,,SP
p-4389,2024-08-03,,SP
p-4390,2024-08-03,,SP
p-4391,2024-08-03,,MG
p-4392,2024-08-03,,SP
p-4393,2024-08-03,,MG
p-4394,2024-08-03,,RJ
p-4395,2024-08-03,,MG
p-4396,2024-08-03,,RJ
p-4397,2024-08-03,,SP
p-4398,2024-08-03,,SP
p-4399,2024-08-03,,RJ
p-4400,2024-08-03,,ES
p-4401,2024-08-03,,ES
p-4402,2024-08-03,,RJ
p-4403,2024-08-04,,SP
p-4404,2024-08-04,,SP
p-4405,2024-08-04,,SP
p-4406,2024-08-04,,ES
p-4407,2024-08-04,,SP
p-4408,2024-08-04,,SP
p-4409,2024-08-04,,ES
p-4410,2024-08-05,,SP
p-4411,2024-08-05,,MG
p-4412,2024-08-05,,MG
p-4413,2024-08-05,,SP
p-4414,2024-08-05,,MG
p-4415,2024-08-05,,MG
p-4416,2024-08-05,,MG
p-4417,2024-08-05,,ES
p-4418,2024-08-06,,SP
p-4419,2024-08-06,,SP
p-4420,2024-08-06,,MG
p-4421,2024-08-06,,RJ
p-4422,2024-08-06,,SP
p-4423,2024-08-06,,SP
p-4424,2024-08-06,,MG
p-4425,2024-08-07,,SP
p-4426,2024-08-07,,SP
p-4427,2024-08-07,,SP
p-4428,2024-08-07,,RJ
p-4429,2024-08-07,,RJ
p-4430,2024-08-07,,MG
p-4431,2024-08-07,,ES
p-4432,2024-08-07,,ES
p-4433,2024-08-08,,MG
p-4434,2024-08-08,,SP
p-4435,2024-08-08,,MG
p-4436,2024-08-09,,MG
p-4437,2024-08-09,,MG
p-4438,2024-08-09,,SP
p-4439,2024-08-09,,SP
p-4440,2024-08-09,,MG
p-4441,2024-08-09,,SP
p-4442,2024-08-09,,MG
p-4443,2024-08-09,,ES
p-4444,2024-08-09,,RJ
p-4445,2024-08-09,,RJ
p-4446,2024-08-09,,ES
p-4447,2024-08-10,,SP
p-4448,2024-08-10,,SP
p-4449,2024-08-10,,SP
p-4450,2024-08-10,,SP
p-4451,2024-08-10,,SP
p-4452,2024-08-10,,SP
p-4453,2024-08-10,,SP
p-4454,2024-08-10,,ES
p-4455,2024-08-10,,RJ
p-4456,2024-08-10,,SP
p-4457,2024-08-10,,SP
p-4458,2024-08-10,,RJ
p-4459,2024-08-10,,RJ
p-4460,2024-08-11,,SP
p-4461,2024-08-11,,SP
p-4462,2024-08-11,,SP
p-4463,2024-08-11,,RJ
p-4464,2024-08-11,,SP
p-4465,2024-08-11,,MG
p-4466,2024-08-11,,SP
p-4467,2024-08-11,,MG
p-4468,2024-08-11,,RJ
p-4469,2024-08-11,,RJ
p-4470,2024-08-11,,ES
p-4471,2024-08-12,,SP
p-4472,2024-08-12,,SP
p-4473,2024-08-12,,RJ
p-4474,2024-08-12,,MG
p-4475,2024-08-12,,MG
p-4476,2024-08-13,,SP
p-4477,2024-08-13,,SP
p-4478,2024-08-13,,SP
p-4479,2024-08-13,,SP
p-4480,2024-08-13,,RJ
p-4481,2024-08-14,,SP
p-4482,2024-08-14,,SP
p-4483,2024-08-14,,SP
p-4484,2024-08-14,,MG
p-4485,2024-08-14,,SP
p-4486,2024-08-14,,SP
p-4487,2024-08-14,,RJ
p-4488,2024-08-14,,MG
p-4489,2024-08-14,,MG
p-4490,2024-08-14,,ES
p-4491,2024-08-14,,RJ
p-4492,2024-08-14,,MG
p-4493,2024-08-14,,ES
p-4494,2024-08-15,,RJ
p-4495,2024-08-15,,RJ
p-4496,2024-08-15,,SP
p-4497,2024-08-15,,MG
p-4498,2024-08-15,,SP
p-4499,2024-08-15,,ES
p-4500,2024-08-16,,SP
p-4501,2024-08-16,,SP
p-4502,2024-08-16,,MG
p-4503,2024-08-16,,SP
p-4504,2024-08-16,,MG
p-4505,2024-08-16,,MG
p-4506,2024-08-16,,RJ
p-4507,2024-08-16,,SP
p-4508,2024-08-16,,MG
p-4509,2024-08-17,,SP
p-4510,2024-08-17,,SP
p-4511,2024-08-17,,SP
p-4512,2024-08-17,,MG
p-4513,2024-08-17,,SP
p-4514,2024-08-17,,MG
p-4515,2024-08-17,,MG
p-4516,2024-08-17,,MG
p-4517,2024-08-17,,RJ
p-4518,2024-08-18,,SP
p-4519,2024-08-18,,MG
p-4520,2024-08-18,,MG
p-4521,2024-08-18,,ES
p-4522,2024-08-18,,ES
p-4523,2024-08-18,,RJ
p-4524,2024-08-19,,SP
p-4525,2024-08-19,,SP
p-4526,2024-08-19,,RJ
p-4527,2024-08-19,,SP
p-4528,2024-08-19,,SP
p-4529,2024-08-19,,RJ
p-4530,2024-08-19,,ES
p-4531,2024-08-19,,RJ
p-4532,2024-08-19,,RJ
p-4533,2024-08-19,,RJ
p-4534,2024-08-20,,SP
p-4535,2024-08-20,,MG
p-4536,2024-08-20,,SP
p-4537,2024-08-20,,SP
p-4538,2024-08-20,,MG
p-4539,2024-08-20,,RJ
p-4540,2024-08-20,,RJ
p-4541,2024-08-20,,SP
p-4542,2024-08-20,,ES
p-4543,2024-08-20,,ES
p-4544,2024-08-21,,SP
p-4545,2024-08-21,,RJ
p-4546,2024-08-21,,SP
p-4547,2024-08-21,,MG
p-4548,2024-08-21,,RJ
p-4549,2024-08-21,,SP
p-4550,2024-08-21,,SP
p-4551,2024-08-21,,MG
p-4552,2024-08-22,,SP
p-4553,2024-08-22,,MG
p-4554,2024-08-22,,SP
p-4555,2024-08-22,,RJ
p-4556,2024-08-22,,SP
p-4557,2024-08-23,,SP
p-4558,2024-08-23,,MG
p-4559,2024-08-23,,MG
p-4560,2024-08-23,,RJ
p-4561,2024-08-23,,MG
p-4562,2024-08-24,,SP
p-4563,2024-08-24,,MG
p-4564,2024-08-24,,MG
p-4565,2024-08-24,,RJ
p-4566,2024-08-24,,RJ
p-4567,2024-08-24,,SP
p-4568,2024-08-24,,MG
p-4569,2024-08-24,,ES
p-4570,2024-08-25,,MG
p-4571,2024-08-25,,SP
p-4572,2024-08-25,,SP
p-4573,2024-08-25,,SP
p-4574,2024-08-25,,RJ
p-4575,2024-08-25,,RJ
p-4576,2024-08-25,,MG
p-4577,2024-08-25,,MG
p-4578,2024-08-25,,MG
p-4579,2024-08-25,,RJ
p-4580,2024-08-25,,RJ
p-4581,2024-08-25,,ES
p-4582,2024-08-26,,SP
p-4583,2024-08-26,,SP
p-4584,2024-08-26,,SP
p-4585,2024-08-26,,SP
p-4586,2024-08-26,,MG
p-4587,2024-08-26,,MG
p-4588,2024-08-26,,RJ
p-4589,2024-08-27,,SP
p-4590,2024-08-27,,MG
p-4591,2024-08-27,,MG
p-4592,2024-08-27,,MG
p-4593,2024-08-27,,SP
p-4594,2024-08-27,,SP
p-4595,2024-08-27,,MG
p-4596,2024-08-27,,SP
p-4597,2024-08-27,,RJ
p-4598,2024-08-28,,SP
p-4599,2024-08-28,,SP
p-4600,2024-08-28,,SP
p-4601,2024-08-28,,SP
p-4602,2024-08-28,,RJ
p-4603,2024-08-28,,RJ
p-4604,2024-08-28,,MG
p-4605,2024-08-28,,RJ
p-4606,2024-08-28,,SP
p-4607,2024-08-28,,ES
p-4608,2024-08-28,,MG
p-4609,2024-08-28,,RJ
p-4610,2024-08-28,,ES
p-4611,2024-08-29,,SP
p-4612,2024-08-29,,SP
p-4613,2024-08-29,,SP
p-4614,2024-08-29,,SP
p-4615,2024-08-29,,RJ
p-4616,2024-08-29,,ES
p-4617,2024-08-29,,MG
p-4618,2024-08-29,,RJ
p-4619,2024-08-30,,MG
p-4620,2024-08-30,,SP
p-4621,2024-08-30,,SP
p-4622,2024-08-30,,MG
p-4623,2024-08-30,,SP
p-4624,2024-08-30,,SP
p-4625,2024-08-30,,RJ
p-4626,2024-08-30,,MG
p-4627,2024-08-30,,ES
p-4628,2024-08-31,,SP
p-4629,2024-08-31,,MG
p-4630,2024-08-31,,RJ
p-4631,2024-08-31,,RJ
p-4632,2024-08-31,,ES
p-4633,2024-08-31,,MG
p-4634,2024-08-31,,MG
p-4635,2024-08-31,,RJ
p-4636,2024-08-31,,ES
p-4637,2024-09-01,,SP
p-4638,2024-09-01,,MG
p-4639,2024-09-01,,SP
p-4640,2024-09-01,,MG
p-4641,2024-09-01,,RJ
p-4642,2024-09-01,,SP
p-4643,2024-09-01,,RJ
p-4644,2024-09-01,,MG
p-4645,2024-09-01,,ES
p-4646,2024-09-02,,SP
p-4647,2024-09-02,,RJ
p-4648,2024-09-03,,MG
p-4649,2024-09-03,,MG
p-4650,2024-09-03,,SP
p-4651,2024-09-03,,SP
p-4652,2024-09-03,,SP
p-4653,2024-09-03,,SP
p-4654,2024-09-03,,SP
p-4655,2024-09-03,,MG
p-4656,2024-09-03,,MG
p-4657,2024-09-03,,SP
p-4658,2024-09-04,,SP
p-4659,2024-09-04,,SP
p-4660,2024-09-05,,SP
p-4661,2024-09-05,,SP
p-4662,2024-09-06,,SP
p-4663,2024-09-06,,MG
p-4664,2024-09-06,,SP
p-4665,2024-09-06,,SP
p-4666,2024-09-07,,SP
